entry_num,userid,deviceid,sense_time,sense_time_millisec,upload_time,sensor_type,os,version,latitude,longitude,provider,accuracy,speed,bearing,config_accuracy
18466191,654321,2e8e0fd501f07b4a,3/1/17 0:02,1.48833E+12,3/1/17 0:45,location,Android 5.1,2.0.0,41.8066356,-72.2526373,network,20,0,0,LOCATION_ACCURACY_FINE
18466192,654321,2e8e0fd501f07b4a,3/1/17 0:02,1.48833E+12,3/1/17 0:45,location,Android 5.1,2.0.0,41.80738842,-72.25277331,gps,50,0,0,LOCATION_ACCURACY_FINE
18466193,654321,2e8e0fd501f07b4a,3/1/17 0:11,1.48833E+12,3/1/17 0:45,location,Android 5.1,2.0.0,41.8064244,-72.2517847,network,20,0,0,LOCATION_ACCURACY_FINE
18466194,654321,2e8e0fd501f07b4a,3/1/17 0:22,1.48833E+12,3/1/17 0:45,location,Android 5.1,2.0.0,41.8044027,-72.2525712,network,36,0,0,LOCATION_ACCURACY_FINE
18466195,654321,2e8e0fd501f07b4a,3/1/17 0:22,1.48833E+12,3/1/17 0:45,location,Android 5.1,2.0.0,41.80213497,-72.25210268,gps,7,1,160,LOCATION_ACCURACY_FINE
18466196,654321,2e8e0fd501f07b4a,3/1/17 0:31,1.48833E+12,3/1/17 1:33,location,Android 5.1,2.0.0,41.8094763,-72.261157,network,60,0,0,LOCATION_ACCURACY_FINE
18466197,654321,2e8e0fd501f07b4a,3/1/17 0:31,1.48833E+12,3/1/17 1:33,location,Android 5.1,2.0.0,41.80944786,-72.2615468,gps,52,0,231,LOCATION_ACCURACY_FINE
18466198,654321,2e8e0fd501f07b4a,3/1/17 0:41,1.48833E+12,3/1/17 1:33,location,Android 5.1,2.0.0,41.8097593,-72.262101,network,50,0,0,LOCATION_ACCURACY_FINE
18466199,654321,2e8e0fd501f07b4a,3/1/17 0:41,1.48833E+12,3/1/17 1:33,location,Android 5.1,2.0.0,41.80979902,-72.26169798,gps,19,1,358,LOCATION_ACCURACY_FINE
18466200,654321,2e8e0fd501f07b4a,3/1/17 0:51,1.48833E+12,3/1/17 1:33,location,Android 5.1,2.0.0,41.8038691,-72.2622889,network,30,0,0,LOCATION_ACCURACY_FINE
18466201,654321,2e8e0fd501f07b4a,3/1/17 0:51,1.48833E+12,3/1/17 1:33,location,Android 5.1,2.0.0,41.80376818,-72.26239107,gps,19,0,0,LOCATION_ACCURACY_FINE
18466202,654321,2e8e0fd501f07b4a,3/1/17 1:01,1.48833E+12,3/1/17 1:33,location,Android 5.1,2.0.0,41.8038691,-72.2622889,network,34,0,0,LOCATION_ACCURACY_FINE
18466203,654321,2e8e0fd501f07b4a,3/1/17 1:01,1.48833E+12,3/1/17 1:33,location,Android 5.1,2.0.0,41.80377034,-72.26237403,gps,38,0,0,LOCATION_ACCURACY_FINE
18466204,654321,2e8e0fd501f07b4a,3/1/17 1:11,1.48833E+12,3/1/17 1:33,location,Android 5.1,2.0.0,41.8038691,-72.2622889,network,34,0,0,LOCATION_ACCURACY_FINE
18466205,654321,2e8e0fd501f07b4a,3/1/17 1:11,1.48833E+12,3/1/17 1:33,location,Android 5.1,2.0.0,41.8037836,-72.26230959,gps,20,0,0,LOCATION_ACCURACY_FINE
18466206,654321,2e8e0fd501f07b4a,3/1/17 1:21,1.48833E+12,3/1/17 1:33,location,Android 5.1,2.0.0,41.8038691,-72.2622889,network,23,0,0,LOCATION_ACCURACY_FINE
18466207,654321,2e8e0fd501f07b4a,3/1/17 1:21,1.48833E+12,3/1/17 1:33,location,Android 5.1,2.0.0,41.80389015,-72.26236707,gps,19,0,181,LOCATION_ACCURACY_FINE
18466208,654321,2e8e0fd501f07b4a,3/1/17 1:31,1.48833E+12,3/1/17 1:33,location,Android 5.1,2.0.0,41.8038691,-72.2622889,network,22,0,0,LOCATION_ACCURACY_FINE
18466209,654321,2e8e0fd501f07b4a,3/1/17 1:31,1.48833E+12,3/1/17 1:33,location,Android 5.1,2.0.0,41.80395826,-72.26246523,gps,11,0,0,LOCATION_ACCURACY_FINE
18466210,654321,2e8e0fd501f07b4a,3/1/17 1:42,1.48833E+12,3/1/17 2:42,location,Android 5.1,2.0.0,41.8038691,-72.2622889,network,32,0,0,LOCATION_ACCURACY_FINE
18466211,654321,2e8e0fd501f07b4a,3/1/17 1:42,1.48833E+12,3/1/17 2:42,location,Android 5.1,2.0.0,41.80395354,-72.26236485,gps,14,0,0,LOCATION_ACCURACY_FINE
18466212,654321,2e8e0fd501f07b4a,3/1/17 1:51,1.48833E+12,3/1/17 2:42,location,Android 5.1,2.0.0,41.8038691,-72.2622889,network,32,0,0,LOCATION_ACCURACY_FINE
18466213,654321,2e8e0fd501f07b4a,3/1/17 1:51,1.48833E+12,3/1/17 2:42,location,Android 5.1,2.0.0,41.80394879,-72.2623244,gps,22,0,0,LOCATION_ACCURACY_FINE
18466214,654321,2e8e0fd501f07b4a,3/1/17 2:02,1.48833E+12,3/1/17 2:42,location,Android 5.1,2.0.0,41.8038691,-72.2622889,network,37,0,0,LOCATION_ACCURACY_FINE
18466215,654321,2e8e0fd501f07b4a,3/1/17 2:02,1.48833E+12,3/1/17 2:42,location,Android 5.1,2.0.0,41.80394558,-72.26229845,gps,19,0,0,LOCATION_ACCURACY_FINE
18466216,654321,2e8e0fd501f07b4a,3/1/17 2:11,1.48833E+12,3/1/17 2:42,location,Android 5.1,2.0.0,41.8038691,-72.2622889,network,49,0,0,LOCATION_ACCURACY_FINE
18466217,654321,2e8e0fd501f07b4a,3/1/17 2:11,1.48833E+12,3/1/17 2:42,location,Android 5.1,2.0.0,41.8039428,-72.26228591,gps,32,0,0,LOCATION_ACCURACY_FINE
18466218,654321,2e8e0fd501f07b4a,3/1/17 2:21,1.48833E+12,3/1/17 2:42,location,Android 5.1,2.0.0,41.8038691,-72.2622889,network,30,0,0,LOCATION_ACCURACY_FINE
18466219,654321,2e8e0fd501f07b4a,3/1/17 2:21,1.48833E+12,3/1/17 2:42,location,Android 5.1,2.0.0,41.80394254,-72.26228637,gps,25,0,0,LOCATION_ACCURACY_FINE
18466220,654321,2e8e0fd501f07b4a,3/1/17 2:31,1.48834E+12,3/1/17 2:42,location,Android 5.1,2.0.0,41.8038691,-72.2622889,network,21,0,0,LOCATION_ACCURACY_FINE
18466221,654321,2e8e0fd501f07b4a,3/1/17 2:31,1.48834E+12,3/1/17 2:42,location,Android 5.1,2.0.0,41.80393221,-72.2622862,gps,39,0,0,LOCATION_ACCURACY_FINE
18466222,654321,2e8e0fd501f07b4a,3/1/17 2:41,1.48834E+12,3/1/17 2:42,location,Android 5.1,2.0.0,41.8038691,-72.2622889,network,49,0,0,LOCATION_ACCURACY_FINE
18466223,654321,2e8e0fd501f07b4a,3/1/17 2:41,1.48834E+12,3/1/17 2:42,location,Android 5.1,2.0.0,41.80393523,-72.26229133,gps,22,0,0,LOCATION_ACCURACY_FINE
18466224,654321,2e8e0fd501f07b4a,3/1/17 2:52,1.48834E+12,3/1/17 3:54,location,Android 5.1,2.0.0,41.8038691,-72.2622889,network,21,0,0,LOCATION_ACCURACY_FINE
18466225,654321,2e8e0fd501f07b4a,3/1/17 2:52,1.48834E+12,3/1/17 3:54,location,Android 5.1,2.0.0,41.80393739,-72.26229995,gps,24,0,0,LOCATION_ACCURACY_FINE
18466226,654321,2e8e0fd501f07b4a,3/1/17 3:02,1.48834E+12,3/1/17 3:54,location,Android 5.1,2.0.0,41.8038691,-72.2622889,network,24,0,0,LOCATION_ACCURACY_FINE
18466227,654321,2e8e0fd501f07b4a,3/1/17 3:02,1.48834E+12,3/1/17 3:54,location,Android 5.1,2.0.0,41.80391838,-72.26231798,gps,8,0,0,LOCATION_ACCURACY_FINE
18466228,654321,2e8e0fd501f07b4a,3/1/17 3:11,1.48834E+12,3/1/17 3:54,location,Android 5.1,2.0.0,41.8038691,-72.2622889,network,21,0,0,LOCATION_ACCURACY_FINE
18466229,654321,2e8e0fd501f07b4a,3/1/17 3:11,1.48834E+12,3/1/17 3:54,location,Android 5.1,2.0.0,41.80390681,-72.26231726,gps,23,0,0,LOCATION_ACCURACY_FINE
18466230,654321,2e8e0fd501f07b4a,3/1/17 3:22,1.48834E+12,3/1/17 3:54,location,Android 5.1,2.0.0,41.8038691,-72.2622889,network,26,0,0,LOCATION_ACCURACY_FINE
18466231,654321,2e8e0fd501f07b4a,3/1/17 3:22,1.48834E+12,3/1/17 3:54,location,Android 5.1,2.0.0,41.80390217,-72.26231555,gps,11,0,0,LOCATION_ACCURACY_FINE
18466232,654321,2e8e0fd501f07b4a,3/1/17 3:32,1.48834E+12,3/1/17 3:54,location,Android 5.1,2.0.0,41.8038691,-72.2622889,network,30,0,0,LOCATION_ACCURACY_FINE
18466233,654321,2e8e0fd501f07b4a,3/1/17 3:32,1.48834E+12,3/1/17 3:54,location,Android 5.1,2.0.0,41.803895,-72.2623246,gps,12,0,0,LOCATION_ACCURACY_FINE
18466234,654321,2e8e0fd501f07b4a,3/1/17 3:41,1.48834E+12,3/1/17 3:54,location,Android 5.1,2.0.0,41.8038691,-72.2622889,network,24,0,0,LOCATION_ACCURACY_FINE
18466235,654321,2e8e0fd501f07b4a,3/1/17 3:41,1.48834E+12,3/1/17 3:54,location,Android 5.1,2.0.0,41.80389449,-72.26232723,gps,33,0,0,LOCATION_ACCURACY_FINE
18466236,654321,2e8e0fd501f07b4a,3/1/17 3:52,1.48834E+12,3/1/17 3:54,location,Android 5.1,2.0.0,41.8038691,-72.2622889,network,20,0,0,LOCATION_ACCURACY_FINE
18466237,654321,2e8e0fd501f07b4a,3/1/17 3:52,1.48834E+12,3/1/17 3:54,location,Android 5.1,2.0.0,41.80388764,-72.26232915,gps,15,0,0,LOCATION_ACCURACY_FINE
20377375,654321,2e8e0fd501f07b4a,3/1/17 10:21,1.48836E+12,3/1/17 11:23,location,Android 5.1,2.0.0,41.8038691,-72.2622889,network,24,0,0,LOCATION_ACCURACY_FINE
20377376,654321,2e8e0fd501f07b4a,3/1/17 10:21,1.48836E+12,3/1/17 11:23,location,Android 5.1,2.0.0,41.80387912,-72.26252616,gps,12,0,241,LOCATION_ACCURACY_FINE
20377377,654321,2e8e0fd501f07b4a,3/1/17 10:31,1.48836E+12,3/1/17 11:23,location,Android 5.1,2.0.0,41.8038691,-72.2622889,network,25,0,0,LOCATION_ACCURACY_FINE
20377378,654321,2e8e0fd501f07b4a,3/1/17 10:31,1.48836E+12,3/1/17 11:23,location,Android 5.1,2.0.0,41.80344428,-72.26221596,gps,25,0,0,LOCATION_ACCURACY_FINE
20377379,654321,2e8e0fd501f07b4a,3/1/17 10:41,1.48836E+12,3/1/17 11:23,location,Android 5.1,2.0.0,41.8038691,-72.2622889,network,25,0,0,LOCATION_ACCURACY_FINE
20377380,654321,2e8e0fd501f07b4a,3/1/17 10:41,1.48836E+12,3/1/17 11:23,location,Android 5.1,2.0.0,41.80376048,-72.26226796,gps,20,0,0,LOCATION_ACCURACY_FINE
20377381,654321,2e8e0fd501f07b4a,3/1/17 10:51,1.48837E+12,3/1/17 11:23,location,Android 5.1,2.0.0,41.8038691,-72.2622889,network,24,0,0,LOCATION_ACCURACY_FINE
20377382,654321,2e8e0fd501f07b4a,3/1/17 10:51,1.48837E+12,3/1/17 11:23,location,Android 5.1,2.0.0,41.80381799,-72.26227355,gps,20,0,0,LOCATION_ACCURACY_FINE
20377383,654321,2e8e0fd501f07b4a,3/1/17 11:01,1.48837E+12,3/1/17 11:23,location,Android 5.1,2.0.0,41.8038528,-72.2623785,network,50,0,0,LOCATION_ACCURACY_FINE
20377384,654321,2e8e0fd501f07b4a,3/1/17 11:01,1.48837E+12,3/1/17 11:23,location,Android 5.1,2.0.0,41.80382617,-72.26228085,gps,14,0,0,LOCATION_ACCURACY_FINE
20377385,654321,2e8e0fd501f07b4a,3/1/17 11:11,1.48837E+12,3/1/17 11:23,location,Android 5.1,2.0.0,41.8038691,-72.2622889,network,30,0,0,LOCATION_ACCURACY_FINE
20377386,654321,2e8e0fd501f07b4a,3/1/17 11:11,1.48837E+12,3/1/17 11:23,location,Android 5.1,2.0.0,41.80378219,-72.26225644,gps,14,0,0,LOCATION_ACCURACY_FINE
20377387,654321,2e8e0fd501f07b4a,3/1/17 11:21,1.48837E+12,3/1/17 11:23,location,Android 5.1,2.0.0,41.8039437,-72.2622398,network,22,0,0,LOCATION_ACCURACY_FINE
20377388,654321,2e8e0fd501f07b4a,3/1/17 11:21,1.48837E+12,3/1/17 11:23,location,Android 5.1,2.0.0,41.80380028,-72.26229074,gps,14,0,0,LOCATION_ACCURACY_FINE
20377389,654321,2e8e0fd501f07b4a,3/1/17 11:31,1.48837E+12,3/1/17 12:33,location,Android 5.1,2.0.0,41.8038691,-72.2622889,network,43,0,0,LOCATION_ACCURACY_FINE
20377390,654321,2e8e0fd501f07b4a,3/1/17 11:31,1.48837E+12,3/1/17 12:33,location,Android 5.1,2.0.0,41.80380167,-72.26229168,gps,16,0,0,LOCATION_ACCURACY_FINE
20377391,654321,2e8e0fd501f07b4a,3/1/17 11:41,1.48837E+12,3/1/17 12:33,location,Android 5.1,2.0.0,41.8038691,-72.2622889,network,34,0,0,LOCATION_ACCURACY_FINE
20377392,654321,2e8e0fd501f07b4a,3/1/17 11:41,1.48837E+12,3/1/17 12:33,location,Android 5.1,2.0.0,41.80379653,-72.26227771,gps,9,0,0,LOCATION_ACCURACY_FINE
20377393,654321,2e8e0fd501f07b4a,3/1/17 11:51,1.48837E+12,3/1/17 12:33,location,Android 5.1,2.0.0,41.8038691,-72.2622889,network,32,0,0,LOCATION_ACCURACY_FINE
20377394,654321,2e8e0fd501f07b4a,3/1/17 11:51,1.48837E+12,3/1/17 12:33,location,Android 5.1,2.0.0,41.80381131,-72.26229078,gps,16,0,0,LOCATION_ACCURACY_FINE
20377395,654321,2e8e0fd501f07b4a,3/1/17 12:01,1.48837E+12,3/1/17 12:33,location,Android 5.1,2.0.0,41.8038691,-72.2622889,network,37,0,0,LOCATION_ACCURACY_FINE
20377396,654321,2e8e0fd501f07b4a,3/1/17 12:01,1.48837E+12,3/1/17 12:33,location,Android 5.1,2.0.0,41.80381792,-72.26229796,gps,19,0,0,LOCATION_ACCURACY_FINE
20377397,654321,2e8e0fd501f07b4a,3/1/17 12:11,1.48837E+12,3/1/17 12:33,location,Android 5.1,2.0.0,41.8038691,-72.2622889,network,56,0,0,LOCATION_ACCURACY_FINE
20377398,654321,2e8e0fd501f07b4a,3/1/17 12:11,1.48837E+12,3/1/17 12:33,location,Android 5.1,2.0.0,41.80381111,-72.26229182,gps,19,0,0,LOCATION_ACCURACY_FINE
20377399,654321,2e8e0fd501f07b4a,3/1/17 12:21,1.48837E+12,3/1/17 12:33,location,Android 5.1,2.0.0,41.8039857,-72.262341,network,136,0,0,LOCATION_ACCURACY_FINE
20377400,654321,2e8e0fd501f07b4a,3/1/17 12:21,1.48837E+12,3/1/17 12:33,location,Android 5.1,2.0.0,41.8038172,-72.26229811,gps,18,0,0,LOCATION_ACCURACY_FINE
20377401,654321,2e8e0fd501f07b4a,3/1/17 12:31,1.48837E+12,3/1/17 12:33,location,Android 5.1,2.0.0,41.8040131,-72.252016,network,23,0,0,LOCATION_ACCURACY_FINE
20377402,654321,2e8e0fd501f07b4a,3/1/17 12:31,1.48837E+12,3/1/17 12:33,location,Android 5.1,2.0.0,41.80369281,-72.25225882,gps,19,1,283,LOCATION_ACCURACY_FINE
20377403,654321,2e8e0fd501f07b4a,3/1/17 12:51,1.48837E+12,3/1/17 13:53,location,Android 5.1,2.0.0,41.80362,-72.2523861,network,20,0,0,LOCATION_ACCURACY_FINE
20377404,654321,2e8e0fd501f07b4a,3/1/17 13:01,1.48837E+12,3/1/17 13:53,location,Android 5.1,2.0.0,41.80549514,-72.2531464,gps,4,1,40,LOCATION_ACCURACY_FINE
20377405,654321,2e8e0fd501f07b4a,3/1/17 13:01,1.48837E+12,3/1/17 13:53,location,Android 5.1,2.0.0,41.8061516,-72.2522011,network,27,0,0,LOCATION_ACCURACY_FINE
20377406,654321,2e8e0fd501f07b4a,3/1/17 13:11,1.48837E+12,3/1/17 13:53,location,Android 5.1,2.0.0,41.8063126,-72.2534501,network,20,0,0,LOCATION_ACCURACY_FINE
20377407,654321,2e8e0fd501f07b4a,3/1/17 13:21,1.48837E+12,3/1/17 13:53,location,Android 5.1,2.0.0,41.8063126,-72.2534501,network,20,0,0,LOCATION_ACCURACY_FINE
20377408,654321,2e8e0fd501f07b4a,3/1/17 13:31,1.48838E+12,3/1/17 13:53,location,Android 5.1,2.0.0,41.8063126,-72.2534501,network,20,0,0,LOCATION_ACCURACY_FINE
20377409,654321,2e8e0fd501f07b4a,3/1/17 13:42,1.48838E+12,3/1/17 13:53,location,Android 5.1,2.0.0,41.8063429,-72.2534686,network,37,0,0,LOCATION_ACCURACY_FINE
20377410,654321,2e8e0fd501f07b4a,3/1/17 13:51,1.48838E+12,3/1/17 13:53,location,Android 5.1,2.0.0,41.8063126,-72.2534501,network,20,0,0,LOCATION_ACCURACY_FINE
20377411,654321,2e8e0fd501f07b4a,3/1/17 14:01,1.48838E+12,3/1/17 15:03,location,Android 5.1,2.0.0,41.8063126,-72.2534501,network,21,0,0,LOCATION_ACCURACY_FINE
20377412,654321,2e8e0fd501f07b4a,3/1/17 14:11,1.48838E+12,3/1/17 15:03,location,Android 5.1,2.0.0,41.8063126,-72.2534501,network,20,0,0,LOCATION_ACCURACY_FINE
20377413,654321,2e8e0fd501f07b4a,3/1/17 14:22,1.48838E+12,3/1/17 15:03,location,Android 5.1,2.0.0,41.8063576,-72.2534964,network,20,0,0,LOCATION_ACCURACY_FINE
20377414,654321,2e8e0fd501f07b4a,3/1/17 14:31,1.48838E+12,3/1/17 15:03,location,Android 5.1,2.0.0,41.8063576,-72.2534964,network,20,0,0,LOCATION_ACCURACY_FINE
20377415,654321,2e8e0fd501f07b4a,3/1/17 14:31,1.48838E+12,3/1/17 15:03,location,Android 5.1,2.0.0,41.8063539,-72.25339425,gps,81,0,0,LOCATION_ACCURACY_FINE
20377416,654321,2e8e0fd501f07b4a,3/1/17 14:42,1.48838E+12,3/1/17 15:03,location,Android 5.1,2.0.0,41.8062832,-72.2532651,network,20,0,0,LOCATION_ACCURACY_FINE
20377417,654321,2e8e0fd501f07b4a,3/1/17 14:51,1.48838E+12,3/1/17 15:03,location,Android 5.1,2.0.0,41.8063576,-72.2534964,network,20,0,0,LOCATION_ACCURACY_FINE
20377418,654321,2e8e0fd501f07b4a,3/1/17 15:01,1.48838E+12,3/1/17 15:03,location,Android 5.1,2.0.0,41.8062685,-72.2531726,network,20,0,0,LOCATION_ACCURACY_FINE
20377419,654321,2e8e0fd501f07b4a,3/1/17 15:01,1.48838E+12,3/1/17 15:03,location,Android 5.1,2.0.0,41.80608854,-72.25294753,gps,41,0,0,LOCATION_ACCURACY_FINE
20377420,654321,2e8e0fd501f07b4a,3/1/17 15:12,1.48838E+12,3/1/17 16:14,location,Android 5.1,2.0.0,41.8062685,-72.2531726,network,20,0,0,LOCATION_ACCURACY_FINE
20377421,654321,2e8e0fd501f07b4a,3/1/17 15:22,1.48838E+12,3/1/17 16:14,location,Android 5.1,2.0.0,41.8062685,-72.2531726,network,20,0,0,LOCATION_ACCURACY_FINE
20377422,654321,2e8e0fd501f07b4a,3/1/17 15:22,1.48838E+12,3/1/17 16:14,location,Android 5.1,2.0.0,41.80626478,-72.25310472,gps,58,0,0,LOCATION_ACCURACY_FINE
20377423,654321,2e8e0fd501f07b4a,3/1/17 15:31,1.48838E+12,3/1/17 16:14,location,Android 5.1,2.0.0,41.8062685,-72.2531726,network,20,0,0,LOCATION_ACCURACY_FINE
20377424,654321,2e8e0fd501f07b4a,3/1/17 15:31,1.48838E+12,3/1/17 16:14,location,Android 5.1,2.0.0,41.80601398,-72.25279064,gps,49,0,0,LOCATION_ACCURACY_FINE
20377425,654321,2e8e0fd501f07b4a,3/1/17 15:41,1.48838E+12,3/1/17 16:14,location,Android 5.1,2.0.0,41.8062685,-72.2531726,network,20,0,0,LOCATION_ACCURACY_FINE
20377426,654321,2e8e0fd501f07b4a,3/1/17 15:52,1.48838E+12,3/1/17 16:14,location,Android 5.1,2.0.0,41.8062685,-72.2531726,network,20,0,0,LOCATION_ACCURACY_FINE
20377427,654321,2e8e0fd501f07b4a,3/1/17 16:01,1.48838E+12,3/1/17 16:14,location,Android 5.1,2.0.0,41.8062685,-72.2531726,network,20,0,0,LOCATION_ACCURACY_FINE
20377428,654321,2e8e0fd501f07b4a,3/1/17 16:11,1.48838E+12,3/1/17 16:14,location,Android 5.1,2.0.0,41.8070952,-72.2536352,network,19,0,0,LOCATION_ACCURACY_FINE
19401311,654321,2e8e0fd501f07b4a,3/1/17 4:01,1.48834E+12,3/1/17 5:03,location,Android 5.1,2.0.0,41.8038831,-72.2623323,network,50,0,0,LOCATION_ACCURACY_FINE
19401312,654321,2e8e0fd501f07b4a,3/1/17 4:01,1.48834E+12,3/1/17 5:03,location,Android 5.1,2.0.0,41.80387623,-72.26232956,gps,13,0,0,LOCATION_ACCURACY_FINE
19401313,654321,2e8e0fd501f07b4a,3/1/17 4:11,1.48834E+12,3/1/17 5:03,location,Android 5.1,2.0.0,41.8038691,-72.2622889,network,23,0,0,LOCATION_ACCURACY_FINE
19401314,654321,2e8e0fd501f07b4a,3/1/17 4:11,1.48834E+12,3/1/17 5:03,location,Android 5.1,2.0.0,41.80386394,-72.2623276,gps,17,0,0,LOCATION_ACCURACY_FINE
19401315,654321,2e8e0fd501f07b4a,3/1/17 4:21,1.48834E+12,3/1/17 5:03,location,Android 5.1,2.0.0,41.8038691,-72.2622889,network,20,0,0,LOCATION_ACCURACY_FINE
19401316,654321,2e8e0fd501f07b4a,3/1/17 4:21,1.48834E+12,3/1/17 5:03,location,Android 5.1,2.0.0,41.80385546,-72.26232723,gps,27,0,0,LOCATION_ACCURACY_FINE
19401317,654321,2e8e0fd501f07b4a,3/1/17 4:31,1.48834E+12,3/1/17 5:03,location,Android 5.1,2.0.0,41.80384806,-72.26232696,gps,37,0,0,LOCATION_ACCURACY_FINE
19401318,654321,2e8e0fd501f07b4a,3/1/17 4:31,1.48834E+12,3/1/17 5:03,location,Android 5.1,2.0.0,41.8038691,-72.2622889,network,28,0,0,LOCATION_ACCURACY_FINE
19401319,654321,2e8e0fd501f07b4a,3/1/17 4:42,1.48834E+12,3/1/17 5:03,location,Android 5.1,2.0.0,41.8038537,-72.2621472,network,22,0,0,LOCATION_ACCURACY_FINE
19401320,654321,2e8e0fd501f07b4a,3/1/17 4:42,1.48834E+12,3/1/17 5:03,location,Android 5.1,2.0.0,41.80383789,-72.26232724,gps,29,0,0,LOCATION_ACCURACY_FINE
19401321,654321,2e8e0fd501f07b4a,3/1/17 4:52,1.48834E+12,3/1/17 5:03,location,Android 5.1,2.0.0,41.8038691,-72.2622889,network,30,0,0,LOCATION_ACCURACY_FINE
19401322,654321,2e8e0fd501f07b4a,3/1/17 4:52,1.48834E+12,3/1/17 5:03,location,Android 5.1,2.0.0,41.80382835,-72.26220566,gps,13,0,181,LOCATION_ACCURACY_FINE
19401323,654321,2e8e0fd501f07b4a,3/1/17 5:01,1.48834E+12,3/1/17 5:03,location,Android 5.1,2.0.0,41.8038691,-72.2622889,network,30,0,0,LOCATION_ACCURACY_FINE
19401324,654321,2e8e0fd501f07b4a,3/1/17 5:01,1.48834E+12,3/1/17 5:03,location,Android 5.1,2.0.0,41.80360217,-72.26240391,gps,28,0,0,LOCATION_ACCURACY_FINE
19401325,654321,2e8e0fd501f07b4a,3/1/17 5:11,1.48835E+12,3/1/17 6:12,location,Android 5.1,2.0.0,41.8038691,-72.2622889,network,34,0,0,LOCATION_ACCURACY_FINE
19401326,654321,2e8e0fd501f07b4a,3/1/17 5:11,1.48835E+12,3/1/17 6:12,location,Android 5.1,2.0.0,41.80376859,-72.26230189,gps,24,0,0,LOCATION_ACCURACY_FINE
19401327,654321,2e8e0fd501f07b4a,3/1/17 5:22,1.48835E+12,3/1/17 6:12,location,Android 5.1,2.0.0,41.8038691,-72.2622889,network,26,0,0,LOCATION_ACCURACY_FINE
19401328,654321,2e8e0fd501f07b4a,3/1/17 5:22,1.48835E+12,3/1/17 6:12,location,Android 5.1,2.0.0,41.8036732,-72.26266994,gps,42,3,12,LOCATION_ACCURACY_FINE
19401329,654321,2e8e0fd501f07b4a,3/1/17 5:31,1.48835E+12,3/1/17 6:12,location,Android 5.1,2.0.0,41.8038691,-72.2622889,network,25,0,0,LOCATION_ACCURACY_FINE
19401330,654321,2e8e0fd501f07b4a,3/1/17 5:31,1.48835E+12,3/1/17 6:12,location,Android 5.1,2.0.0,41.8039196,-72.26239944,gps,16,1,186,LOCATION_ACCURACY_FINE
19401331,654321,2e8e0fd501f07b4a,3/1/17 5:42,1.48835E+12,3/1/17 6:12,location,Android 5.1,2.0.0,41.8038691,-72.2622889,network,23,0,0,LOCATION_ACCURACY_FINE
19401332,654321,2e8e0fd501f07b4a,3/1/17 5:42,1.48835E+12,3/1/17 6:12,location,Android 5.1,2.0.0,41.80371244,-72.26232569,gps,19,0,186,LOCATION_ACCURACY_FINE
19401333,654321,2e8e0fd501f07b4a,3/1/17 5:51,1.48835E+12,3/1/17 6:12,location,Android 5.1,2.0.0,41.8038684,-72.2622398,network,20,0,0,LOCATION_ACCURACY_FINE
19401334,654321,2e8e0fd501f07b4a,3/1/17 5:51,1.48835E+12,3/1/17 6:12,location,Android 5.1,2.0.0,41.80359745,-72.26236109,gps,19,0,0,LOCATION_ACCURACY_FINE
19401335,654321,2e8e0fd501f07b4a,3/1/17 6:01,1.48835E+12,3/1/17 6:12,location,Android 5.1,2.0.0,41.8038691,-72.2622889,network,24,0,0,LOCATION_ACCURACY_FINE
19401336,654321,2e8e0fd501f07b4a,3/1/17 6:01,1.48835E+12,3/1/17 6:12,location,Android 5.1,2.0.0,41.80360917,-72.26241466,gps,13,0,0,LOCATION_ACCURACY_FINE
19401337,654321,2e8e0fd501f07b4a,3/1/17 6:12,1.48835E+12,3/1/17 7:13,location,Android 5.1,2.0.0,41.8038691,-72.2622889,network,24,0,0,LOCATION_ACCURACY_FINE
19401338,654321,2e8e0fd501f07b4a,3/1/17 6:12,1.48835E+12,3/1/17 7:13,location,Android 5.1,2.0.0,41.80364577,-72.26238757,gps,24,0,0,LOCATION_ACCURACY_FINE
19401339,654321,2e8e0fd501f07b4a,3/1/17 6:21,1.48835E+12,3/1/17 7:13,location,Android 5.1,2.0.0,41.8038691,-72.2622889,network,23,0,0,LOCATION_ACCURACY_FINE
19401340,654321,2e8e0fd501f07b4a,3/1/17 6:21,1.48835E+12,3/1/17 7:13,location,Android 5.1,2.0.0,41.80369184,-72.26236887,gps,29,0,0,LOCATION_ACCURACY_FINE
19401341,654321,2e8e0fd501f07b4a,3/1/17 6:31,1.48835E+12,3/1/17 7:13,location,Android 5.1,2.0.0,41.8038691,-72.2622889,network,56,0,0,LOCATION_ACCURACY_FINE
19401342,654321,2e8e0fd501f07b4a,3/1/17 6:31,1.48835E+12,3/1/17 7:13,location,Android 5.1,2.0.0,41.80371006,-72.26238178,gps,32,0,0,LOCATION_ACCURACY_FINE
19401343,654321,2e8e0fd501f07b4a,3/1/17 6:42,1.48835E+12,3/1/17 7:13,location,Android 5.1,2.0.0,41.8038691,-72.2622889,network,23,0,0,LOCATION_ACCURACY_FINE
19401344,654321,2e8e0fd501f07b4a,3/1/17 6:42,1.48835E+12,3/1/17 7:13,location,Android 5.1,2.0.0,41.80369092,-72.26239201,gps,32,0,0,LOCATION_ACCURACY_FINE
19401345,654321,2e8e0fd501f07b4a,3/1/17 6:51,1.48835E+12,3/1/17 7:13,location,Android 5.1,2.0.0,41.8038691,-72.2622889,network,24,0,0,LOCATION_ACCURACY_FINE
19401346,654321,2e8e0fd501f07b4a,3/1/17 6:51,1.48835E+12,3/1/17 7:13,location,Android 5.1,2.0.0,41.80373495,-72.26236343,gps,31,0,0,LOCATION_ACCURACY_FINE
19401347,654321,2e8e0fd501f07b4a,3/1/17 7:01,1.48835E+12,3/1/17 7:13,location,Android 5.1,2.0.0,41.8038691,-72.2622889,network,24,0,0,LOCATION_ACCURACY_FINE
19401348,654321,2e8e0fd501f07b4a,3/1/17 7:01,1.48835E+12,3/1/17 7:13,location,Android 5.1,2.0.0,41.80365427,-72.26230921,gps,9,0,186,LOCATION_ACCURACY_FINE
19401349,654321,2e8e0fd501f07b4a,3/1/17 7:12,1.48835E+12,3/1/17 8:12,location,Android 5.1,2.0.0,41.8038691,-72.2622889,network,26,0,0,LOCATION_ACCURACY_FINE
19401350,654321,2e8e0fd501f07b4a,3/1/17 7:12,1.48835E+12,3/1/17 8:12,location,Android 5.1,2.0.0,41.80365854,-72.2623005,gps,17,0,0,LOCATION_ACCURACY_FINE
19401351,654321,2e8e0fd501f07b4a,3/1/17 7:21,1.48835E+12,3/1/17 8:12,location,Android 5.1,2.0.0,41.8038691,-72.2622889,network,25,0,0,LOCATION_ACCURACY_FINE
19401352,654321,2e8e0fd501f07b4a,3/1/17 7:21,1.48835E+12,3/1/17 8:12,location,Android 5.1,2.0.0,41.80364918,-72.26230073,gps,23,0,0,LOCATION_ACCURACY_FINE
19401353,654321,2e8e0fd501f07b4a,3/1/17 7:32,1.48835E+12,3/1/17 8:12,location,Android 5.1,2.0.0,41.8038691,-72.2622889,network,25,0,0,LOCATION_ACCURACY_FINE
19401354,654321,2e8e0fd501f07b4a,3/1/17 7:32,1.48835E+12,3/1/17 8:12,location,Android 5.1,2.0.0,41.8036593,-72.26229852,gps,27,0,0,LOCATION_ACCURACY_FINE
19401355,654321,2e8e0fd501f07b4a,3/1/17 7:42,1.48835E+12,3/1/17 8:12,location,Android 5.1,2.0.0,41.8038691,-72.2622889,network,25,0,0,LOCATION_ACCURACY_FINE
19401356,654321,2e8e0fd501f07b4a,3/1/17 7:42,1.48835E+12,3/1/17 8:12,location,Android 5.1,2.0.0,41.8036769,-72.2623028,gps,19,0,0,LOCATION_ACCURACY_FINE
19401357,654321,2e8e0fd501f07b4a,3/1/17 7:51,1.48835E+12,3/1/17 8:12,location,Android 5.1,2.0.0,41.8038691,-72.2622889,network,25,0,0,LOCATION_ACCURACY_FINE
19401358,654321,2e8e0fd501f07b4a,3/1/17 7:51,1.48835E+12,3/1/17 8:12,location,Android 5.1,2.0.0,41.80369713,-72.26229468,gps,14,0,0,LOCATION_ACCURACY_FINE
19401359,654321,2e8e0fd501f07b4a,3/1/17 8:01,1.48836E+12,3/1/17 8:12,location,Android 5.1,2.0.0,41.80393162,-72.26240471,gps,48,0,0,LOCATION_ACCURACY_FINE
19401360,654321,2e8e0fd501f07b4a,3/1/17 8:01,1.48836E+12,3/1/17 8:12,location,Android 5.1,2.0.0,41.8038691,-72.2622889,network,24,0,0,LOCATION_ACCURACY_FINE
19401361,654321,2e8e0fd501f07b4a,3/1/17 8:13,1.48836E+12,3/1/17 9:14,location,Android 5.1,2.0.0,41.8038691,-72.2622889,network,24,0,0,LOCATION_ACCURACY_FINE
19401362,654321,2e8e0fd501f07b4a,3/1/17 8:13,1.48836E+12,3/1/17 9:14,location,Android 5.1,2.0.0,41.80399109,-72.26243252,gps,12,0,0,LOCATION_ACCURACY_FINE
19401363,654321,2e8e0fd501f07b4a,3/1/17 8:21,1.48836E+12,3/1/17 9:14,location,Android 5.1,2.0.0,41.8038691,-72.2622889,network,22,0,0,LOCATION_ACCURACY_FINE
19401364,654321,2e8e0fd501f07b4a,3/1/17 8:21,1.48836E+12,3/1/17 9:14,location,Android 5.1,2.0.0,41.80386852,-72.26236738,gps,14,0,186,LOCATION_ACCURACY_FINE
19401365,654321,2e8e0fd501f07b4a,3/1/17 8:31,1.48836E+12,3/1/17 9:14,location,Android 5.1,2.0.0,41.8038691,-72.2622889,network,22,0,0,LOCATION_ACCURACY_FINE
19401366,654321,2e8e0fd501f07b4a,3/1/17 8:31,1.48836E+12,3/1/17 9:14,location,Android 5.1,2.0.0,41.80375144,-72.26204193,gps,29,3,238,LOCATION_ACCURACY_FINE
19401367,654321,2e8e0fd501f07b4a,3/1/17 8:41,1.48836E+12,3/1/17 9:14,location,Android 5.1,2.0.0,41.8038831,-72.2623323,network,50,0,0,LOCATION_ACCURACY_FINE
19401368,654321,2e8e0fd501f07b4a,3/1/17 8:41,1.48836E+12,3/1/17 9:14,location,Android 5.1,2.0.0,41.80369683,-72.26225589,gps,16,0,0,LOCATION_ACCURACY_FINE
19401369,654321,2e8e0fd501f07b4a,3/1/17 8:51,1.48836E+12,3/1/17 9:14,location,Android 5.1,2.0.0,41.8038691,-72.2622889,network,22,0,0,LOCATION_ACCURACY_FINE
19401370,654321,2e8e0fd501f07b4a,3/1/17 8:51,1.48836E+12,3/1/17 9:14,location,Android 5.1,2.0.0,41.80376619,-72.26228962,gps,18,0,0,LOCATION_ACCURACY_FINE
19401371,654321,2e8e0fd501f07b4a,3/1/17 9:01,1.48836E+12,3/1/17 9:14,location,Android 5.1,2.0.0,41.8038691,-72.2622889,network,22,0,0,LOCATION_ACCURACY_FINE
19401372,654321,2e8e0fd501f07b4a,3/1/17 9:01,1.48836E+12,3/1/17 9:14,location,Android 5.1,2.0.0,41.80367307,-72.26218588,gps,16,0,0,LOCATION_ACCURACY_FINE
19401373,654321,2e8e0fd501f07b4a,3/1/17 9:11,1.48836E+12,3/1/17 9:14,location,Android 5.1,2.0.0,41.8038691,-72.2622889,network,25,0,0,LOCATION_ACCURACY_FINE
19401374,654321,2e8e0fd501f07b4a,3/1/17 9:11,1.48836E+12,3/1/17 9:14,location,Android 5.1,2.0.0,41.80368437,-72.26217093,gps,19,0,0,LOCATION_ACCURACY_FINE
19401375,654321,2e8e0fd501f07b4a,3/1/17 9:21,1.48836E+12,3/1/17 10:21,location,Android 5.1,2.0.0,41.8038691,-72.2622889,network,22,0,0,LOCATION_ACCURACY_FINE
19401376,654321,2e8e0fd501f07b4a,3/1/17 9:21,1.48836E+12,3/1/17 10:21,location,Android 5.1,2.0.0,41.80369533,-72.2622269,gps,17,0,0,LOCATION_ACCURACY_FINE
19401377,654321,2e8e0fd501f07b4a,3/1/17 9:32,1.48836E+12,3/1/17 10:21,location,Android 5.1,2.0.0,41.8038691,-72.2622889,network,24,0,0,LOCATION_ACCURACY_FINE
19401378,654321,2e8e0fd501f07b4a,3/1/17 9:32,1.48836E+12,3/1/17 10:21,location,Android 5.1,2.0.0,41.80371011,-72.26223671,gps,11,0,0,LOCATION_ACCURACY_FINE
19401379,654321,2e8e0fd501f07b4a,3/1/17 9:41,1.48836E+12,3/1/17 10:21,location,Android 5.1,2.0.0,41.8038691,-72.2622889,network,26,0,0,LOCATION_ACCURACY_FINE
19401380,654321,2e8e0fd501f07b4a,3/1/17 9:41,1.48836E+12,3/1/17 10:21,location,Android 5.1,2.0.0,41.80372288,-72.26222529,gps,12,0,0,LOCATION_ACCURACY_FINE
19401381,654321,2e8e0fd501f07b4a,3/1/17 9:51,1.48836E+12,3/1/17 10:21,location,Android 5.1,2.0.0,41.8038691,-72.2622889,network,25,0,0,LOCATION_ACCURACY_FINE
19401382,654321,2e8e0fd501f07b4a,3/1/17 9:51,1.48836E+12,3/1/17 10:21,location,Android 5.1,2.0.0,41.80372804,-72.26223931,gps,9,0,0,LOCATION_ACCURACY_FINE
19401383,654321,2e8e0fd501f07b4a,3/1/17 10:01,1.48836E+12,3/1/17 10:21,location,Android 5.1,2.0.0,41.8038691,-72.2622889,network,25,0,0,LOCATION_ACCURACY_FINE
19401384,654321,2e8e0fd501f07b4a,3/1/17 10:01,1.48836E+12,3/1/17 10:21,location,Android 5.1,2.0.0,41.80373674,-72.26222675,gps,17,0,0,LOCATION_ACCURACY_FINE
19401385,654321,2e8e0fd501f07b4a,3/1/17 10:11,1.48836E+12,3/1/17 10:21,location,Android 5.1,2.0.0,41.8038691,-72.2622889,network,25,0,0,LOCATION_ACCURACY_FINE
19401386,654321,2e8e0fd501f07b4a,3/1/17 10:11,1.48836E+12,3/1/17 10:21,location,Android 5.1,2.0.0,41.80380423,-72.2621261,gps,18,0,0,LOCATION_ACCURACY_FINE
22437263,654321,2e8e0fd501f07b4a,3/1/17 23:01,1.48841E+12,3/2/17 0:02,location,Android 5.1,2.0.0,41.8053326,-72.2499527,network,2287,0,0,LOCATION_ACCURACY_FINE
22437264,654321,2e8e0fd501f07b4a,3/1/17 23:11,1.48841E+12,3/2/17 0:02,location,Android 5.1,2.0.0,41.8053326,-72.2499527,network,2287,0,0,LOCATION_ACCURACY_FINE
22437265,654321,2e8e0fd501f07b4a,3/1/17 23:24,1.48841E+12,3/2/17 0:02,location,Android 5.1,2.0.0,41.8053326,-72.2499527,network,2287,0,0,LOCATION_ACCURACY_FINE
22437266,654321,2e8e0fd501f07b4a,3/1/17 23:31,1.48841E+12,3/2/17 0:02,location,Android 5.1,2.0.0,41.8053326,-72.2499527,network,2287,0,0,LOCATION_ACCURACY_FINE
22437267,654321,2e8e0fd501f07b4a,3/1/17 23:44,1.48841E+12,3/2/17 0:02,location,Android 5.1,2.0.0,41.8053326,-72.2499527,network,2287,0,0,LOCATION_ACCURACY_FINE
22437268,654321,2e8e0fd501f07b4a,3/1/17 23:51,1.48841E+12,3/2/17 0:02,location,Android 5.1,2.0.0,41.8053326,-72.2499527,network,2287,0,0,LOCATION_ACCURACY_FINE
21374896,654321,2e8e0fd501f07b4a,3/1/17 16:22,1.48839E+12,3/1/17 17:23,location,Android 5.1,2.0.0,41.8070805,-72.2535427,network,20,0,0,LOCATION_ACCURACY_FINE
21374897,654321,2e8e0fd501f07b4a,3/1/17 16:31,1.48839E+12,3/1/17 17:23,location,Android 5.1,2.0.0,41.8070952,-72.2536352,network,19,0,0,LOCATION_ACCURACY_FINE
21374898,654321,2e8e0fd501f07b4a,3/1/17 16:41,1.48839E+12,3/1/17 17:23,location,Android 5.1,2.0.0,41.8070952,-72.2536352,network,20,0,0,LOCATION_ACCURACY_FINE
21374899,654321,2e8e0fd501f07b4a,3/1/17 16:52,1.48839E+12,3/1/17 17:23,location,Android 5.1,2.0.0,41.8071706,-72.2536352,network,21,0,0,LOCATION_ACCURACY_FINE
21374900,654321,2e8e0fd501f07b4a,3/1/17 17:02,1.48839E+12,3/1/17 17:23,location,Android 5.1,2.0.0,41.8070805,-72.2535427,network,20,0,0,LOCATION_ACCURACY_FINE
21374901,654321,2e8e0fd501f07b4a,3/1/17 17:11,1.48839E+12,3/1/17 17:23,location,Android 5.1,2.0.0,41.806454,-72.2518581,network,28,0,0,LOCATION_ACCURACY_FINE
21374902,654321,2e8e0fd501f07b4a,3/1/17 17:21,1.48839E+12,3/1/17 17:23,location,Android 5.1,2.0.0,41.8066053,-72.2517385,network,22,0,0,LOCATION_ACCURACY_FINE
21374903,654321,2e8e0fd501f07b4a,3/1/17 17:32,1.48839E+12,3/1/17 18:34,location,Android 5.1,2.0.0,41.8065603,-72.2516922,network,23,0,0,LOCATION_ACCURACY_FINE
21374904,654321,2e8e0fd501f07b4a,3/1/17 17:41,1.48839E+12,3/1/17 18:34,location,Android 5.1,2.0.0,41.806485,-72.2516922,network,20,0,0,LOCATION_ACCURACY_FINE
21374905,654321,2e8e0fd501f07b4a,3/1/17 17:52,1.48839E+12,3/1/17 18:34,location,Android 5.1,2.0.0,41.806485,-72.2516922,network,20,0,0,LOCATION_ACCURACY_FINE
21374906,654321,2e8e0fd501f07b4a,3/1/17 18:01,1.48839E+12,3/1/17 18:34,location,Android 5.1,2.0.0,41.8065858,-72.252998,network,32,0,0,LOCATION_ACCURACY_FINE
21374907,654321,2e8e0fd501f07b4a,3/1/17 18:11,1.48839E+12,3/1/17 18:34,location,Android 5.1,2.0.0,41.8066156,-72.2529875,network,20,0,0,LOCATION_ACCURACY_FINE
21374908,654321,2e8e0fd501f07b4a,3/1/17 18:11,1.48839E+12,3/1/17 18:34,location,Android 5.1,2.0.0,41.80635367,-72.25381806,gps,34,0,0,LOCATION_ACCURACY_FINE
21374909,654321,2e8e0fd501f07b4a,3/1/17 18:22,1.48839E+12,3/1/17 18:34,location,Android 5.1,2.0.0,41.8066156,-72.2529875,network,20,0,0,LOCATION_ACCURACY_FINE
21374910,654321,2e8e0fd501f07b4a,3/1/17 18:22,1.48839E+12,3/1/17 18:34,location,Android 5.1,2.0.0,41.80654081,-72.25350114,gps,42,2,227,LOCATION_ACCURACY_FINE
21374911,654321,2e8e0fd501f07b4a,3/1/17 18:31,1.48839E+12,3/1/17 18:34,location,Android 5.1,2.0.0,41.8066156,-72.2529875,network,20,0,0,LOCATION_ACCURACY_FINE
21374912,654321,2e8e0fd501f07b4a,3/1/17 18:31,1.48839E+12,3/1/17 18:34,location,Android 5.1,2.0.0,41.80660342,-72.25279365,gps,35,2,78,LOCATION_ACCURACY_FINE
21374913,654321,2e8e0fd501f07b4a,3/1/17 18:41,1.48839E+12,3/1/17 19:42,location,Android 5.1,2.0.0,41.8053326,-72.2499527,network,2287,0,0,LOCATION_ACCURACY_FINE
21374914,654321,2e8e0fd501f07b4a,3/1/17 18:52,1.48839E+12,3/1/17 19:42,location,Android 5.1,2.0.0,41.806485,-72.2516922,network,20,0,0,LOCATION_ACCURACY_FINE
21374915,654321,2e8e0fd501f07b4a,3/1/17 19:01,1.48839E+12,3/1/17 19:42,location,Android 5.1,2.0.0,41.806742,-72.2530327,network,20,0,0,LOCATION_ACCURACY_FINE
21374916,654321,2e8e0fd501f07b4a,3/1/17 19:11,1.4884E+12,3/1/17 19:42,location,Android 5.1,2.0.0,41.8053326,-72.2499527,network,2287,0,0,LOCATION_ACCURACY_FINE
21374917,654321,2e8e0fd501f07b4a,3/1/17 19:21,1.4884E+12,3/1/17 19:42,location,Android 5.1,2.0.0,41.8053326,-72.2499527,network,2287,0,0,LOCATION_ACCURACY_FINE
21374918,654321,2e8e0fd501f07b4a,3/1/17 19:31,1.4884E+12,3/1/17 19:42,location,Android 5.1,2.0.0,41.8053326,-72.2499527,network,2287,0,0,LOCATION_ACCURACY_FINE
21374919,654321,2e8e0fd501f07b4a,3/1/17 19:41,1.4884E+12,3/1/17 20:42,location,Android 5.1,2.0.0,41.8053326,-72.2499527,network,2287,0,0,LOCATION_ACCURACY_FINE
21374920,654321,2e8e0fd501f07b4a,3/1/17 19:51,1.4884E+12,3/1/17 20:42,location,Android 5.1,2.0.0,41.8053326,-72.2499527,network,2287,0,0,LOCATION_ACCURACY_FINE
21374921,654321,2e8e0fd501f07b4a,3/1/17 20:01,1.4884E+12,3/1/17 20:42,location,Android 5.1,2.0.0,41.8063161,-72.2525249,network,20,0,0,LOCATION_ACCURACY_FINE
21374922,654321,2e8e0fd501f07b4a,3/1/17 20:11,1.4884E+12,3/1/17 20:42,location,Android 5.1,2.0.0,41.806638,-72.2526229,network,20,0,0,LOCATION_ACCURACY_FINE
21374923,654321,2e8e0fd501f07b4a,3/1/17 20:21,1.4884E+12,3/1/17 20:42,location,Android 5.1,2.0.0,41.806638,-72.2526229,network,30,0,0,LOCATION_ACCURACY_FINE
21374924,654321,2e8e0fd501f07b4a,3/1/17 20:31,1.4884E+12,3/1/17 20:42,location,Android 5.1,2.0.0,41.806638,-72.2526229,network,20,0,0,LOCATION_ACCURACY_FINE
21374925,654321,2e8e0fd501f07b4a,3/1/17 20:31,1.4884E+12,3/1/17 20:42,location,Android 5.1,2.0.0,41.8068169,-72.25285235,gps,46,0,0,LOCATION_ACCURACY_FINE
21374926,654321,2e8e0fd501f07b4a,3/1/17 20:42,1.4884E+12,3/1/17 21:43,location,Android 5.1,2.0.0,41.8066624,-72.2525712,network,20,0,0,LOCATION_ACCURACY_FINE
21374927,654321,2e8e0fd501f07b4a,3/1/17 20:42,1.4884E+12,3/1/17 21:43,location,Android 5.1,2.0.0,41.80692001,-72.25285743,gps,41,0,0,LOCATION_ACCURACY_FINE
21374928,654321,2e8e0fd501f07b4a,3/1/17 20:51,1.4884E+12,3/1/17 21:43,location,Android 5.1,2.0.0,41.806638,-72.2526229,network,25,0,0,LOCATION_ACCURACY_FINE
21374929,654321,2e8e0fd501f07b4a,3/1/17 21:01,1.4884E+12,3/1/17 21:43,location,Android 5.1,2.0.0,41.806638,-72.2526229,network,20,0,0,LOCATION_ACCURACY_FINE
21374930,654321,2e8e0fd501f07b4a,3/1/17 21:11,1.4884E+12,3/1/17 21:43,location,Android 5.1,2.0.0,41.806638,-72.2526229,network,20,0,0,LOCATION_ACCURACY_FINE
21374931,654321,2e8e0fd501f07b4a,3/1/17 21:23,1.4884E+12,3/1/17 21:43,location,Android 5.1,2.0.0,41.8066321,-72.2526174,network,20,0,0,LOCATION_ACCURACY_FINE
21374932,654321,2e8e0fd501f07b4a,3/1/17 21:23,1.4884E+12,3/1/17 21:43,location,Android 5.1,2.0.0,41.80783826,-72.25321483,gps,54,1,277,LOCATION_ACCURACY_FINE
21374933,654321,2e8e0fd501f07b4a,3/1/17 21:31,1.4884E+12,3/1/17 21:43,location,Android 5.1,2.0.0,41.8066321,-72.2526174,network,19,0,0,LOCATION_ACCURACY_FINE
21374934,654321,2e8e0fd501f07b4a,3/1/17 21:31,1.4884E+12,3/1/17 21:43,location,Android 5.1,2.0.0,41.80743259,-72.25273017,gps,33,0,0,LOCATION_ACCURACY_FINE
21374935,654321,2e8e0fd501f07b4a,3/1/17 21:41,1.4884E+12,3/1/17 21:43,location,Android 5.1,2.0.0,41.8066321,-72.2526174,network,20,0,0,LOCATION_ACCURACY_FINE
21374936,654321,2e8e0fd501f07b4a,3/1/17 21:41,1.4884E+12,3/1/17 21:43,location,Android 5.1,2.0.0,41.80736616,-72.25265118,gps,89,0,0,LOCATION_ACCURACY_FINE
21374937,654321,2e8e0fd501f07b4a,3/1/17 21:52,1.48841E+12,3/1/17 22:53,location,Android 5.1,2.0.0,41.8066321,-72.2526174,network,19,0,0,LOCATION_ACCURACY_FINE
21374938,654321,2e8e0fd501f07b4a,3/1/17 21:52,1.48841E+12,3/1/17 22:53,location,Android 5.1,2.0.0,41.80713488,-72.25258839,gps,58,0,0,LOCATION_ACCURACY_FINE
21374939,654321,2e8e0fd501f07b4a,3/1/17 22:02,1.48841E+12,3/1/17 22:53,location,Android 5.1,2.0.0,41.8066321,-72.2526174,network,20,0,0,LOCATION_ACCURACY_FINE
21374940,654321,2e8e0fd501f07b4a,3/1/17 22:02,1.48841E+12,3/1/17 22:53,location,Android 5.1,2.0.0,41.8071967,-72.25264444,gps,38,0,0,LOCATION_ACCURACY_FINE
21374941,654321,2e8e0fd501f07b4a,3/1/17 22:11,1.48841E+12,3/1/17 22:53,location,Android 5.1,2.0.0,41.8066321,-72.2526174,network,19,0,0,LOCATION_ACCURACY_FINE
21374942,654321,2e8e0fd501f07b4a,3/1/17 22:21,1.48841E+12,3/1/17 22:53,location,Android 5.1,2.0.0,41.8067151,-72.2545604,network,31,0,0,LOCATION_ACCURACY_FINE
21374943,654321,2e8e0fd501f07b4a,3/1/17 22:31,1.48841E+12,3/1/17 22:53,location,Android 5.1,2.0.0,41.8053326,-72.2499527,network,2287,0,0,LOCATION_ACCURACY_FINE
21374944,654321,2e8e0fd501f07b4a,3/1/17 22:42,1.48841E+12,3/1/17 22:53,location,Android 5.1,2.0.0,41.3773956,-72.8706046,network,5000,0,0,LOCATION_ACCURACY_FINE
21374945,654321,2e8e0fd501f07b4a,3/1/17 22:51,1.48841E+12,3/1/17 22:53,location,Android 5.1,2.0.0,41.8050837,-72.2541368,network,2103,0,0,LOCATION_ACCURACY_FINE