entry_num,userid,deviceid,sense_time,sense_time_millisec,upload_time,sensor_type,os,version,latitude,longitude,provider,accuracy,speed,bearing,config_accuracy
22050773,000000,14259BC9-DEDE-4E28-A653-1F39B2DD4A0E,"2017-03-01 21:35:30",1488404130000,"2017-03-02 01:07:15",location,"iOS 10.2.1",2.0.2,41.80676370,-72.25287714,GPS,30,0,"",kCLLocationAccuracyNearestTenMeters
22050774,000000,14259BC9-DEDE-4E28-A653-1F39B2DD4A0E,"2017-03-01 21:35:22",1488404122000,"2017-03-02 01:07:15",location,"iOS 10.2.1",2.0.2,41.80676370,-72.25287714,GPS,30,0,"",kCLLocationAccuracyNearestTenMeters
22050777,000000,14259BC9-DEDE-4E28-A653-1F39B2DD4A0E,"2017-03-01 21:35:38",1488404138000,"2017-03-02 01:07:15",location,"iOS 10.2.1",2.0.2,41.80702875,-72.25292339,GPS,26,-1,"",kCLLocationAccuracyNearestTenMeters
22050780,000000,14259BC9-DEDE-4E28-A653-1F39B2DD4A0E,"2017-03-01 21:50:22",1488405022000,"2017-03-02 01:07:17",location,"iOS 10.2.1",2.0.2,41.80675205,-72.25287278,GPS,10,0,"",kCLLocationAccuracyNearestTenMeters
22050781,000000,14259BC9-DEDE-4E28-A653-1F39B2DD4A0E,"2017-03-01 21:55:23",1488405323000,"2017-03-02 03:30:55",location,"iOS 10.2.1",2.0.2,41.80675402,-72.25287639,GPS,10,0,"",kCLLocationAccuracyNearestTenMeters
22050782,000000,14259BC9-DEDE-4E28-A653-1F39B2DD4A0E,"2017-03-01 21:55:15",1488405315000,"2017-03-02 03:30:55",location,"iOS 10.2.1",2.0.2,41.80675402,-72.25287639,GPS,10,0,"",kCLLocationAccuracyNearestTenMeters
22050786,000000,14259BC9-DEDE-4E28-A653-1F39B2DD4A0E,"2017-03-01 21:58:08",1488405489000,"2017-03-02 03:30:55",location,"iOS 10.2.1",2.0.2,41.80687431,-72.25280396,GPS,25,-1,"",kCLLocationAccuracyNearestTenMeters
22050789,000000,14259BC9-DEDE-4E28-A653-1F39B2DD4A0E,"2017-03-01 22:06:21",1488405981000,"2017-03-02 03:30:55",location,"iOS 10.2.1",2.0.2,41.80685095,-72.25276801,GPS,10,0,"",kCLLocationAccuracyNearestTenMeters
22050792,000000,14259BC9-DEDE-4E28-A653-1F39B2DD4A0E,"2017-03-01 22:13:03",1488406384000,"2017-03-02 03:30:55",location,"iOS 10.2.1",2.0.2,41.80658227,-72.25297420,GPS,50,0,"",kCLLocationAccuracyHundredMeters
22050860,000000,14259BC9-DEDE-4E28-A653-1F39B2DD4A0E,"2017-03-01 22:13:32",1488406413000,"2017-03-02 03:30:55",location,"iOS 10.2.1",2.0.2,41.80670746,-72.25367334,GPS,50,2,"",kCLLocationAccuracyHundredMeters
22050878,000000,14259BC9-DEDE-4E28-A653-1F39B2DD4A0E,"2017-03-01 22:13:33",1488406414000,"2017-03-02 03:30:55",location,"iOS 10.2.1",2.0.2,41.80670746,-72.25367334,GPS,50,0,"",kCLLocationAccuracyHundredMeters
22050890,000000,14259BC9-DEDE-4E28-A653-1F39B2DD4A0E,"2017-03-01 22:13:34",1488406415000,"2017-03-02 03:30:55",location,"iOS 10.2.1",2.0.2,41.80669149,-72.25361131,GPS,50,0,"",kCLLocationAccuracyHundredMeters
22050908,000000,14259BC9-DEDE-4E28-A653-1F39B2DD4A0E,"2017-03-01 22:13:37",1488406417000,"2017-03-02 03:30:55",location,"iOS 10.2.1",2.0.2,41.80669149,-72.25361131,GPS,50,0,"",kCLLocationAccuracyHundredMeters
20005740,000000,14259BC9-DEDE-4E28-A653-1F39B2DD4A0E,"2017-03-01 12:00:31",1488369631000,"2017-03-01 12:56:13",location,"iOS 10.2.1",2.0.2,41.80383062,-72.26223411,GPS,30,0,"",kCLLocationAccuracyNearestTenMeters
20005742,000000,14259BC9-DEDE-4E28-A653-1F39B2DD4A0E,"2017-03-01 12:21:33",1488370893000,"2017-03-01 12:56:13",location,"iOS 10.2.1",2.0.2,41.80390022,-72.26190353,GPS,26,-1,"",kCLLocationAccuracyHundredMeters
20005972,000000,14259BC9-DEDE-4E28-A653-1F39B2DD4A0E,"2017-03-01 15:08:15",1488380895000,"2017-03-01 15:29:25",location,"iOS 10.2.1",2.0.2,41.80621292,-72.25333320,GPS,10,0,"",kCLLocationAccuracyNearestTenMeters
20005973,000000,14259BC9-DEDE-4E28-A653-1F39B2DD4A0E,"2017-03-01 15:08:07",1488380887000,"2017-03-01 15:29:25",location,"iOS 10.2.1",2.0.2,41.80621292,-72.25333320,GPS,10,0,"",kCLLocationAccuracyNearestTenMeters
20005975,000000,14259BC9-DEDE-4E28-A653-1F39B2DD4A0E,"2017-03-01 15:09:21",1488380962000,"2017-03-01 15:29:25",location,"iOS 10.2.1",2.0.2,41.80625325,-72.25327226,GPS,20,-1,"",kCLLocationAccuracyNearestTenMeters
20005979,000000,14259BC9-DEDE-4E28-A653-1F39B2DD4A0E,"2017-03-01 15:11:36",1488381096000,"2017-03-01 15:29:25",location,"iOS 10.2.1",2.0.2,41.80630886,-72.25331074,GPS,10,0,"",kCLLocationAccuracyNearestTenMeters
20006106,000000,14259BC9-DEDE-4E28-A653-1F39B2DD4A0E,"2017-03-01 11:39:48",1488368389000,"2017-03-01 12:00:25",location,"iOS 10.2.1",2.0.2,41.80380404,-72.26194026,GPS,31,-1,"",kCLLocationAccuracyHundredMeters
20006107,000000,14259BC9-DEDE-4E28-A653-1F39B2DD4A0E,"2017-03-01 11:38:52",1488368332000,"2017-03-01 12:00:25",location,"iOS 10.2.1",2.0.2,41.80374663,-72.26237400,GPS,10,0,"",kCLLocationAccuracyHundredMeters
20996131,000000,14259BC9-DEDE-4E28-A653-1F39B2DD4A0E,"2017-03-01 15:29:20",1488382160000,"2017-03-01 17:07:47",location,"iOS 10.2.1",2.0.2,41.80630886,-72.25331074,GPS,10,0,"",kCLLocationAccuracyNearestTenMeters
20996272,000000,14259BC9-DEDE-4E28-A653-1F39B2DD4A0E,"2017-03-01 15:47:20",1488383240000,"2017-03-01 17:07:47",location,"iOS 10.2.1",2.0.2,41.80625785,-72.25337603,GPS,10,0,"",kCLLocationAccuracyHundredMeters
20996273,000000,14259BC9-DEDE-4E28-A653-1F39B2DD4A0E,"2017-03-01 15:47:12",1488383232000,"2017-03-01 17:07:47",location,"iOS 10.2.1",2.0.2,41.80625785,-72.25337603,GPS,10,0,"",kCLLocationAccuracyHundredMeters
20996276,000000,14259BC9-DEDE-4E28-A653-1F39B2DD4A0E,"2017-03-01 15:56:36",1488383797000,"2017-03-01 17:07:47",location,"iOS 10.2.1",2.0.2,41.80623588,-72.25334069,GPS,20,-1,"",kCLLocationAccuracyHundredMeters
20996299,000000,14259BC9-DEDE-4E28-A653-1F39B2DD4A0E,"2017-03-01 16:26:41",1488385601000,"2017-03-01 17:07:47",location,"iOS 10.2.1",2.0.2,41.80718041,-72.25360553,GPS,10,0,"",kCLLocationAccuracyNearestTenMeters
20996300,000000,14259BC9-DEDE-4E28-A653-1F39B2DD4A0E,"2017-03-01 16:39:01",1488386341000,"2017-03-01 17:07:50",location,"iOS 10.2.1",2.0.2,41.80718041,-72.25360553,GPS,10,0,"",kCLLocationAccuracyNearestTenMeters
20996301,000000,14259BC9-DEDE-4E28-A653-1F39B2DD4A0E,"2017-03-01 16:38:53",1488386333000,"2017-03-01 17:07:50",location,"iOS 10.2.1",2.0.2,41.80718041,-72.25360553,GPS,10,0,"",kCLLocationAccuracyNearestTenMeters
20996307,000000,14259BC9-DEDE-4E28-A653-1F39B2DD4A0E,"2017-03-01 16:41:55",1488386515000,"2017-03-01 17:07:50",location,"iOS 10.2.1",2.0.2,41.80718581,-72.25357384,GPS,10,0,"",kCLLocationAccuracyNearestTenMeters
20996308,000000,14259BC9-DEDE-4E28-A653-1F39B2DD4A0E,"2017-03-01 16:57:58",1488387478000,"2017-03-01 17:25:38",location,"iOS 10.2.1",2.0.2,41.80718581,-72.25357384,GPS,10,0,"",kCLLocationAccuracyNearestTenMeters
20996309,000000,14259BC9-DEDE-4E28-A653-1F39B2DD4A0E,"2017-03-01 16:57:50",1488387470000,"2017-03-01 17:25:38",location,"iOS 10.2.1",2.0.2,41.80718581,-72.25357384,GPS,10,0,"",kCLLocationAccuracyNearestTenMeters
20996311,000000,14259BC9-DEDE-4E28-A653-1F39B2DD4A0E,"2017-03-01 17:06:45",1488388006000,"2017-03-01 17:25:38",location,"iOS 10.2.1",2.0.2,41.80696775,-72.25366837,GPS,30,-1,"",kCLLocationAccuracyNearestTenMeters
20996315,000000,14259BC9-DEDE-4E28-A653-1F39B2DD4A0E,"2017-03-01 17:07:30",1488388050000,"2017-03-01 17:25:38",location,"iOS 10.2.1",2.0.2,41.80649464,-72.25307596,GPS,50,-1,"",kCLLocationAccuracyNearestTenMeters
20996323,000000,14259BC9-DEDE-4E28-A653-1F39B2DD4A0E,"2017-03-01 17:42:03",1488390124000,"2017-03-01 18:00:31",location,"iOS 10.2.1",2.0.2,41.80631505,-72.25144234,GPS,20,-1,"",kCLLocationAccuracyNearestTenMeters
20996328,000000,14259BC9-DEDE-4E28-A653-1F39B2DD4A0E,"2017-03-01 17:56:45",1488391006000,"2017-03-01 18:00:30",location,"iOS 10.2.1",2.0.2,41.80630186,-72.25253214,GPS,10,0,"",kCLLocationAccuracyNearestTenMeters
20996329,000000,14259BC9-DEDE-4E28-A653-1F39B2DD4A0E,"2017-03-01 17:57:09",1488391029000,"2017-03-01 18:00:30",location,"iOS 10.2.1",2.0.2,41.80656823,-72.25302961,GPS,10,-1,"",kCLLocationAccuracyNearestTenMeters
20996336,000000,14259BC9-DEDE-4E28-A653-1F39B2DD4A0E,"2017-03-01 17:59:15",1488391156000,"2017-03-01 18:18:43",location,"iOS 10.2.1",2.0.2,41.80650391,-72.25318119,GPS,31,-1,"",kCLLocationAccuracyNearestTenMeters
20996338,000000,14259BC9-DEDE-4E28-A653-1F39B2DD4A0E,"2017-03-01 18:04:43",1488391483000,"2017-03-01 18:18:43",location,"iOS 10.2.1",2.0.2,41.80658320,-72.25301041,GPS,10,0,"",kCLLocationAccuracyNearestTenMeters
20996354,000000,14259BC9-DEDE-4E28-A653-1F39B2DD4A0E,"2017-03-01 18:38:52",1488393532000,"2017-03-01 19:18:05",location,"iOS 10.2.1",2.0.2,41.80649544,-72.25252460,GPS,50,1,"",kCLLocationAccuracyNearestTenMeters
20996358,000000,14259BC9-DEDE-4E28-A653-1F39B2DD4A0E,"2017-03-01 18:59:38",1488394779000,"2017-03-01 19:18:05",location,"iOS 10.2.1",2.0.2,41.80607866,-72.25309310,GPS,52,-1,"",kCLLocationAccuracyHundredMeters
20996380,000000,14259BC9-DEDE-4E28-A653-1F39B2DD4A0E,"2017-03-01 19:23:56",1488396236000,"2017-03-01 19:36:27",location,"iOS 10.2.1",2.0.2,41.80664501,-72.25304763,GPS,10,0,"",kCLLocationAccuracyNearestTenMeters
20996381,000000,14259BC9-DEDE-4E28-A653-1F39B2DD4A0E,"2017-03-01 19:36:06",1488396966000,"2017-03-01 19:54:38",location,"iOS 10.2.1",2.0.2,41.80664103,-72.25304117,GPS,10,0,"",kCLLocationAccuracyHundredMeters
20996398,000000,14259BC9-DEDE-4E28-A653-1F39B2DD4A0E,"2017-03-01 19:55:40",1488398140000,"2017-03-01 21:20:36",location,"iOS 10.2.1",2.0.2,41.80662787,-72.25299038,GPS,10,0,"",kCLLocationAccuracyNearestTenMeters
20996401,000000,14259BC9-DEDE-4E28-A653-1F39B2DD4A0E,"2017-03-01 19:59:59",1488398400000,"2017-03-01 21:20:36",location,"iOS 10.2.1",2.0.2,41.80646727,-72.25284713,GPS,10,0,"",kCLLocationAccuracyNearestTenMeters
20996404,000000,14259BC9-DEDE-4E28-A653-1F39B2DD4A0E,"2017-03-01 20:07:06",1488398826000,"2017-03-01 21:20:36",location,"iOS 10.2.1",2.0.2,41.80640361,-72.25296842,GPS,10,1,"",kCLLocationAccuracyNearestTenMeters
20996415,000000,14259BC9-DEDE-4E28-A653-1F39B2DD4A0E,"2017-03-01 20:09:54",1488398994000,"2017-03-01 21:20:36",location,"iOS 10.2.1",2.0.2,41.80682313,-72.25288041,GPS,10,0,"",kCLLocationAccuracyNearestTenMeters
20996416,000000,14259BC9-DEDE-4E28-A653-1F39B2DD4A0E,"2017-03-01 20:24:44",1488399884000,"2017-03-01 21:20:37",location,"iOS 10.2.1",2.0.2,41.80677929,-72.25287756,GPS,10,0,"",kCLLocationAccuracyHundredMeters
20996417,000000,14259BC9-DEDE-4E28-A653-1F39B2DD4A0E,"2017-03-01 20:24:36",1488399876000,"2017-03-01 21:20:37",location,"iOS 10.2.1",2.0.2,41.80677929,-72.25287756,GPS,10,0,"",kCLLocationAccuracyHundredMeters
20996420,000000,14259BC9-DEDE-4E28-A653-1F39B2DD4A0E,"2017-03-01 20:27:36",1488400057000,"2017-03-01 21:20:37",location,"iOS 10.2.1",2.0.2,41.80682624,-72.25276252,GPS,26,-1,"",kCLLocationAccuracyHundredMeters
20996426,000000,14259BC9-DEDE-4E28-A653-1F39B2DD4A0E,"2017-03-01 20:57:33",1488401853000,"2017-03-01 21:20:39",location,"iOS 10.2.1",2.0.2,41.80699785,-72.25290611,GPS,23,-1,"",kCLLocationAccuracyHundredMeters
20996433,000000,14259BC9-DEDE-4E28-A653-1F39B2DD4A0E,"2017-03-01 21:17:48",1488403068000,"2017-03-01 21:37:50",location,"iOS 10.2.1",2.0.2,41.80649238,-72.25293954,GPS,53,-1,"",kCLLocationAccuracyNearestTenMeters
19058565,000000,14259BC9-DEDE-4E28-A653-1F39B2DD4A0E,"2017-03-01 04:42:57",1488343377000,"2017-03-01 05:00:10",location,"iOS 10.2.1",2.0.2,41.80379617,-72.26224685,GPS,10,0,"",kCLLocationAccuracyHundredMeters
19058566,000000,14259BC9-DEDE-4E28-A653-1F39B2DD4A0E,"2017-03-01 04:42:58",1488343378000,"2017-03-01 05:00:12",location,"iOS 10.2.1",2.0.2,41.80379617,-72.26224685,GPS,10,0,"",kCLLocationAccuracyHundredMeters
19058573,000000,14259BC9-DEDE-4E28-A653-1F39B2DD4A0E,"2017-03-01 04:59:07",1488344347000,"2017-03-01 05:29:44",location,"iOS 10.2.1",2.0.2,41.80383143,-72.26226158,GPS,20,-1,"",kCLLocationAccuracyHundredMeters
19058591,000000,14259BC9-DEDE-4E28-A653-1F39B2DD4A0E,"2017-03-01 06:09:03",1488348543000,"2017-03-01 06:50:15",location,"iOS 10.2.1",2.0.2,41.80380435,-72.26194356,GPS,31,-1,"",kCLLocationAccuracyNearestTenMeters
19058592,000000,14259BC9-DEDE-4E28-A653-1F39B2DD4A0E,"2017-03-01 06:06:07",1488348367000,"2017-03-01 06:50:15",location,"iOS 10.2.1",2.0.2,41.80379399,-72.26234743,GPS,10,0,"",kCLLocationAccuracyNearestTenMeters
19058598,000000,14259BC9-DEDE-4E28-A653-1F39B2DD4A0E,"2017-03-01 06:10:14",1488348614000,"2017-03-01 06:50:15",location,"iOS 10.2.1",2.0.2,41.80384705,-72.26227501,GPS,10,0,"",kCLLocationAccuracyNearestTenMeters
19058599,000000,14259BC9-DEDE-4E28-A653-1F39B2DD4A0E,"2017-03-01 06:28:02",1488349682000,"2017-03-01 06:50:15",location,"iOS 10.2.1",2.0.2,41.80384705,-72.26227501,GPS,10,0,"",kCLLocationAccuracyHundredMeters
19058600,000000,14259BC9-DEDE-4E28-A653-1F39B2DD4A0E,"2017-03-01 06:29:18",1488349758000,"2017-03-01 06:50:15",location,"iOS 10.2.1",2.0.2,41.80380404,-72.26194026,GPS,31,-1,"",kCLLocationAccuracyHundredMeters
19058628,000000,14259BC9-DEDE-4E28-A653-1F39B2DD4A0E,"2017-03-01 07:18:00",1488352680000,"2017-03-01 07:34:33",location,"iOS 10.2.1",2.0.2,41.80395262,-72.26233318,GPS,10,0,"",kCLLocationAccuracyNearestTenMeters
19058629,000000,14259BC9-DEDE-4E28-A653-1F39B2DD4A0E,"2017-03-01 07:32:18",1488353538000,"2017-03-01 07:54:56",location,"iOS 10.2.1",2.0.2,41.80382618,-72.26227610,GPS,10,0,"",kCLLocationAccuracyNearestTenMeters
19058630,000000,14259BC9-DEDE-4E28-A653-1F39B2DD4A0E,"2017-03-01 07:32:10",1488353530000,"2017-03-01 07:54:56",location,"iOS 10.2.1",2.0.2,41.80382618,-72.26227610,GPS,10,0,"",kCLLocationAccuracyNearestTenMeters
19058636,000000,14259BC9-DEDE-4E28-A653-1F39B2DD4A0E,"2017-03-01 07:40:45",1488354045000,"2017-03-01 07:54:56",location,"iOS 10.2.1",2.0.2,41.80380602,-72.26228004,GPS,10,0,"",kCLLocationAccuracyNearestTenMeters
19058637,000000,14259BC9-DEDE-4E28-A653-1F39B2DD4A0E,"2017-03-01 07:54:48",1488354888000,"2017-03-01 08:34:31",location,"iOS 10.2.1",2.0.2,41.80380441,-72.26194415,GPS,31,-1,"",kCLLocationAccuracyNearestTenMeters
19058638,000000,14259BC9-DEDE-4E28-A653-1F39B2DD4A0E,"2017-03-01 07:52:39",1488354759000,"2017-03-01 08:34:31",location,"iOS 10.2.1",2.0.2,41.80380602,-72.26228004,GPS,10,0,"",kCLLocationAccuracyNearestTenMeters
19058644,000000,14259BC9-DEDE-4E28-A653-1F39B2DD4A0E,"2017-03-01 07:55:58",1488354958000,"2017-03-01 08:34:31",location,"iOS 10.2.1",2.0.2,41.80379902,-72.26232070,GPS,30,0,"",kCLLocationAccuracyNearestTenMeters
19058647,000000,14259BC9-DEDE-4E28-A653-1F39B2DD4A0E,"2017-03-01 08:14:26",1488356066000,"2017-03-01 08:34:31",location,"iOS 10.2.1",2.0.2,41.80422926,-72.26248976,GPS,50,0,"",kCLLocationAccuracyHundredMeters
19058656,000000,14259BC9-DEDE-4E28-A653-1F39B2DD4A0E,"2017-03-01 08:38:11",1488357491000,"2017-03-01 09:19:58",location,"iOS 10.2.1",2.0.2,41.80385313,-72.26237149,GPS,10,0,"",kCLLocationAccuracyNearestTenMeters
19058658,000000,14259BC9-DEDE-4E28-A653-1F39B2DD4A0E,"2017-03-01 08:52:30",1488358350000,"2017-03-01 09:19:58",location,"iOS 10.2.1",2.0.2,41.80379127,-72.26229044,GPS,10,0,"",kCLLocationAccuracyHundredMeters
19058665,000000,14259BC9-DEDE-4E28-A653-1F39B2DD4A0E,"2017-03-01 09:15:48",1488359748000,"2017-03-01 09:28:56",location,"iOS 10.2.1",2.0.2,41.80382581,-72.26223361,GPS,20,-1,"",kCLLocationAccuracyNearestTenMeters
19058669,000000,14259BC9-DEDE-4E28-A653-1F39B2DD4A0E,"2017-03-01 09:20:03",1488360003000,"2017-03-01 09:28:56",location,"iOS 10.2.1",2.0.2,41.80384252,-72.26216379,GPS,30,0,"",kCLLocationAccuracyNearestTenMeters
19058670,000000,14259BC9-DEDE-4E28-A653-1F39B2DD4A0E,"2017-03-01 09:28:56",1488360536000,"2017-03-01 09:53:38",location,"iOS 10.2.1",2.0.2,41.80381738,-72.26222229,GPS,10,0,"",kCLLocationAccuracyNearestTenMeters
19058671,000000,14259BC9-DEDE-4E28-A653-1F39B2DD4A0E,"2017-03-01 09:47:05",1488361625000,"2017-03-01 10:14:21",location,"iOS 10.2.1",2.0.2,41.80381738,-72.26222229,GPS,10,0,"",kCLLocationAccuracyHundredMeters
19058672,000000,14259BC9-DEDE-4E28-A653-1F39B2DD4A0E,"2017-03-01 09:51:48",1488361908000,"2017-03-01 10:14:21",location,"iOS 10.2.1",2.0.2,41.80382574,-72.26223335,GPS,20,-1,"",kCLLocationAccuracyHundredMeters
19058689,000000,14259BC9-DEDE-4E28-A653-1F39B2DD4A0E,"2017-03-01 10:17:25",1488363445000,"2017-03-01 10:34:50",location,"iOS 10.2.1",2.0.2,41.80379294,-72.26217845,GPS,10,0,"",kCLLocationAccuracyNearestTenMeters
19058690,000000,14259BC9-DEDE-4E28-A653-1F39B2DD4A0E,"2017-03-01 10:32:27",1488364347000,"2017-03-01 11:41:08",location,"iOS 10.2.1",2.0.2,41.80378221,-72.26223704,GPS,10,0,"",kCLLocationAccuracyNearestTenMeters
1518539820,000000,14259BC9-DEDE-4E28-A653-1F39B2DD4A0E,"2017-03-01 00:06:49",1488326810000,"2017-03-01 05:00:10",location,"iOS 10.2.1",2.0.2,41.80639494,-72.25275829,GPS,10,1,"",kCLLocationAccuracyNearestTenMeters
1518539822,000000,14259BC9-DEDE-4E28-A653-1F39B2DD4A0E,"2017-03-01 00:13:07",1488327187000,"2017-03-01 05:00:10",location,"iOS 10.2.1",2.0.2,41.80616796,-72.25199897,GPS,10,1,"",kCLLocationAccuracyNearestTenMeters
1518539823,000000,14259BC9-DEDE-4E28-A653-1F39B2DD4A0E,"2017-03-01 00:14:11",1488327251000,"2017-03-01 05:00:10",location,"iOS 10.2.1",2.0.2,41.80595459,-72.25253575,GPS,5,1,"",kCLLocationAccuracyNearestTenMeters
1518539828,000000,14259BC9-DEDE-4E28-A653-1F39B2DD4A0E,"2017-03-01 00:14:17",1488327257000,"2017-03-01 05:00:10",location,"iOS 10.2.1",2.0.2,41.80594324,-72.25261495,GPS,5,1,"",kCLLocationAccuracyNearestTenMeters
1518539833,000000,14259BC9-DEDE-4E28-A653-1F39B2DD4A0E,"2017-03-01 00:17:35",1488327455000,"2017-03-01 05:00:10",location,"iOS 10.2.1",2.0.2,41.80417084,-72.25328014,GPS,5,1,"",kCLLocationAccuracyNearestTenMeters
1518539834,000000,14259BC9-DEDE-4E28-A653-1F39B2DD4A0E,"2017-03-01 00:19:23",1488327563000,"2017-03-01 05:00:10",location,"iOS 10.2.1",2.0.2,41.80328705,-72.25302869,GPS,5,1,"",kCLLocationAccuracyNearestTenMeters
1518539835,000000,14259BC9-DEDE-4E28-A653-1F39B2DD4A0E,"2017-03-01 00:20:46",1488327646000,"2017-03-01 05:00:10",location,"iOS 10.2.1",2.0.2,41.80250515,-72.25242510,GPS,5,1,"",kCLLocationAccuracyNearestTenMeters
1518539836,000000,14259BC9-DEDE-4E28-A653-1F39B2DD4A0E,"2017-03-01 00:21:12",1488327672000,"2017-03-01 05:00:10",location,"iOS 10.2.1",2.0.2,41.80225742,-72.25224137,Network,5,1,"",kCLLocationAccuracyBest
1518539837,000000,14259BC9-DEDE-4E28-A653-1F39B2DD4A0E,"2017-03-01 00:24:06",1488327846000,"2017-03-01 05:00:10",location,"iOS 10.2.1",2.0.2,41.80326128,-72.25172974,GPS,5,8,"",kCLLocationAccuracyNearestTenMeters
1518539838,000000,14259BC9-DEDE-4E28-A653-1F39B2DD4A0E,"2017-03-01 00:24:37",1488327877000,"2017-03-01 05:00:10",location,"iOS 10.2.1",2.0.2,41.80414406,-72.25218429,GPS,5,8,"",kCLLocationAccuracyNearestTenMeters
1518539839,000000,14259BC9-DEDE-4E28-A653-1F39B2DD4A0E,"2017-03-01 00:24:53",1488327893000,"2017-03-01 05:00:10",location,"iOS 10.2.1",2.0.2,41.80487396,-72.25299147,GPS,5,5,"",kCLLocationAccuracyNearestTenMeters
1518539840,000000,14259BC9-DEDE-4E28-A653-1F39B2DD4A0E,"2017-03-01 00:25:20",1488327920000,"2017-03-01 05:00:10",location,"iOS 10.2.1",2.0.2,41.80469798,-72.25418615,GPS,5,8,"",kCLLocationAccuracyNearestTenMeters
1518539841,000000,14259BC9-DEDE-4E28-A653-1F39B2DD4A0E,"2017-03-01 00:25:31",1488327931000,"2017-03-01 05:00:10",location,"iOS 10.2.1",2.0.2,41.80416724,-72.25517990,GPS,5,11,"",kCLLocationAccuracyNearestTenMeters
1518539842,000000,14259BC9-DEDE-4E28-A653-1F39B2DD4A0E,"2017-03-01 00:25:32",1488327932000,"2017-03-01 05:00:10",location,"iOS 10.2.1",2.0.2,41.80409758,-72.25529079,GPS,5,12,"",kCLLocationAccuracyBest
1518539843,000000,14259BC9-DEDE-4E28-A653-1F39B2DD4A0E,"2017-03-01 00:25:33",1488327933000,"2017-03-01 05:00:10",location,"iOS 10.2.1",2.0.2,41.80403032,-72.25539951,GPS,5,12,"",kCLLocationAccuracyBest
1518539844,000000,14259BC9-DEDE-4E28-A653-1F39B2DD4A0E,"2017-03-01 00:25:34",1488327934000,"2017-03-01 05:00:10",location,"iOS 10.2.1",2.0.2,41.80394813,-72.25550436,GPS,5,12,"",kCLLocationAccuracyBest
1518539845,000000,14259BC9-DEDE-4E28-A653-1F39B2DD4A0E,"2017-03-01 00:25:35",1488327935000,"2017-03-01 05:00:10",location,"iOS 10.2.1",2.0.2,41.80386176,-72.25558399,GPS,5,12,"",kCLLocationAccuracyBest
1518539846,000000,14259BC9-DEDE-4E28-A653-1F39B2DD4A0E,"2017-03-01 00:25:36",1488327936000,"2017-03-01 05:00:10",location,"iOS 10.2.1",2.0.2,41.80376692,-72.25565230,GPS,5,12,"",kCLLocationAccuracyBest
1518539847,000000,14259BC9-DEDE-4E28-A653-1F39B2DD4A0E,"2017-03-01 00:25:37",1488327937000,"2017-03-01 05:00:10",location,"iOS 10.2.1",2.0.2,41.80367103,-72.25569698,GPS,5,11,"",kCLLocationAccuracyBest
1518539848,000000,14259BC9-DEDE-4E28-A653-1F39B2DD4A0E,"2017-03-01 00:25:38",1488327938000,"2017-03-01 05:00:10",location,"iOS 10.2.1",2.0.2,41.80357581,-72.25571794,GPS,5,11,"",kCLLocationAccuracyBest
1518539853,000000,14259BC9-DEDE-4E28-A653-1F39B2DD4A0E,"2017-03-01 00:25:44",1488327944000,"2017-03-01 05:00:10",location,"iOS 10.2.1",2.0.2,41.80304930,-72.25575850,GPS,5,6,"",kCLLocationAccuracyNearestTenMeters
1518539877,000000,14259BC9-DEDE-4E28-A653-1F39B2DD4A0E,"2017-03-01 00:25:54",1488327955000,"2017-03-01 05:00:10",location,"iOS 10.2.1",2.0.2,41.80265451,-72.25588658,GPS,10,5,"",kCLLocationAccuracyHundredMeters
1518539889,000000,14259BC9-DEDE-4E28-A653-1F39B2DD4A0E,"2017-03-01 00:25:58",1488327958000,"2017-03-01 05:00:10",location,"iOS 10.2.1",2.0.2,41.80268938,-72.25618179,GPS,5,8,"",kCLLocationAccuracyNearestTenMeters
1518539907,000000,14259BC9-DEDE-4E28-A653-1F39B2DD4A0E,"2017-03-01 00:26:35",1488327995000,"2017-03-01 05:00:10",location,"iOS 10.2.1",2.0.2,41.80393451,-72.25859519,Network,5,4,"",kCLLocationAccuracyBest
1518539911,000000,14259BC9-DEDE-4E28-A653-1F39B2DD4A0E,"2017-03-01 00:26:34",1488327995000,"2017-03-01 05:00:10",location,"iOS 10.2.1",2.0.2,41.80388334,-72.25874439,GPS,30,5,"",kCLLocationAccuracyNearestTenMeters
1518539918,000000,14259BC9-DEDE-4E28-A653-1F39B2DD4A0E,"2017-03-01 00:26:55",1488328015000,"2017-03-01 05:00:10",location,"iOS 10.2.1",2.0.2,41.80477124,-72.25915493,GPS,5,10,"",kCLLocationAccuracyNearestTenMeters
1518539919,000000,14259BC9-DEDE-4E28-A653-1F39B2DD4A0E,"2017-03-01 00:27:06",1488328026000,"2017-03-01 05:00:10",location,"iOS 10.2.1",2.0.2,41.80565326,-72.25961854,GPS,5,9,"",kCLLocationAccuracyNearestTenMeters
1518539920,000000,14259BC9-DEDE-4E28-A653-1F39B2DD4A0E,"2017-03-01 00:27:20",1488328040000,"2017-03-01 05:00:10",location,"iOS 10.2.1",2.0.2,41.80657737,-72.25934420,GPS,5,8,"",kCLLocationAccuracyNearestTenMeters
1518539921,000000,14259BC9-DEDE-4E28-A653-1F39B2DD4A0E,"2017-03-01 00:27:32",1488328052000,"2017-03-01 05:00:10",location,"iOS 10.2.1",2.0.2,41.80724419,-72.25841071,GPS,5,10,"",kCLLocationAccuracyNearestTenMeters
1518539922,000000,14259BC9-DEDE-4E28-A653-1F39B2DD4A0E,"2017-03-01 00:27:47",1488328067000,"2017-03-01 05:00:10",location,"iOS 10.2.1",2.0.2,41.80813774,-72.25809286,GPS,5,4,"",kCLLocationAccuracyNearestTenMeters
1518539923,000000,14259BC9-DEDE-4E28-A653-1F39B2DD4A0E,"2017-03-01 00:28:02",1488328082000,"2017-03-01 05:00:10",location,"iOS 10.2.1",2.0.2,41.80886148,-72.25890792,GPS,5,10,"",kCLLocationAccuracyNearestTenMeters
1518539924,000000,14259BC9-DEDE-4E28-A653-1F39B2DD4A0E,"2017-03-01 00:28:24",1488328104000,"2017-03-01 05:00:10",location,"iOS 10.2.1",2.0.2,41.80963727,-72.25951854,GPS,5,7,"",kCLLocationAccuracyNearestTenMeters
1518539925,000000,14259BC9-DEDE-4E28-A653-1F39B2DD4A0E,"2017-03-01 00:28:34",1488328114000,"2017-03-01 05:00:10",location,"iOS 10.2.1",2.0.2,41.80941959,-72.26078915,GPS,5,12,"",kCLLocationAccuracyNearestTenMeters
1518539926,000000,14259BC9-DEDE-4E28-A653-1F39B2DD4A0E,"2017-03-01 00:28:35",1488328115000,"2017-03-01 05:00:10",location,"iOS 10.2.1",2.0.2,41.80940358,-72.26093240,GPS,5,12,"",kCLLocationAccuracyBest
1518539927,000000,14259BC9-DEDE-4E28-A653-1F39B2DD4A0E,"2017-03-01 00:28:36",1488328116000,"2017-03-01 05:00:10",location,"iOS 10.2.1",2.0.2,41.80938459,-72.26107330,GPS,5,12,"",kCLLocationAccuracyBest
1518539928,000000,14259BC9-DEDE-4E28-A653-1F39B2DD4A0E,"2017-03-01 00:28:37",1488328117000,"2017-03-01 05:00:10",location,"iOS 10.2.1",2.0.2,41.80936863,-72.26120431,GPS,5,11,"",kCLLocationAccuracyBest
1518539929,000000,14259BC9-DEDE-4E28-A653-1F39B2DD4A0E,"2017-03-01 00:28:38",1488328118000,"2017-03-01 05:00:10",location,"iOS 10.2.1",2.0.2,41.80934633,-72.26132073,GPS,5,10,"",kCLLocationAccuracyBest
1518539930,000000,14259BC9-DEDE-4E28-A653-1F39B2DD4A0E,"2017-03-01 00:28:39",1488328119000,"2017-03-01 05:00:10",location,"iOS 10.2.1",2.0.2,41.80932542,-72.26142249,GPS,5,8,"",kCLLocationAccuracyBest
1518539931,000000,14259BC9-DEDE-4E28-A653-1F39B2DD4A0E,"2017-03-01 00:28:40",1488328120000,"2017-03-01 05:00:10",location,"iOS 10.2.1",2.0.2,41.80931096,-72.26149801,GPS,5,6,"",kCLLocationAccuracyBest
1518539932,000000,14259BC9-DEDE-4E28-A653-1F39B2DD4A0E,"2017-03-01 00:28:41",1488328121000,"2017-03-01 05:00:10",location,"iOS 10.2.1",2.0.2,41.80929692,-72.26156901,GPS,5,6,"",kCLLocationAccuracyBest
1518539933,000000,14259BC9-DEDE-4E28-A653-1F39B2DD4A0E,"2017-03-01 00:31:36",1488328296000,"2017-03-01 05:00:10",location,"iOS 10.2.1",2.0.2,41.80946351,-72.26139743,Network,10,0,"",kCLLocationAccuracyBest
1518539934,000000,14259BC9-DEDE-4E28-A653-1F39B2DD4A0E,"2017-03-01 00:41:55",1488328915000,"2017-03-01 05:00:10",location,"iOS 10.2.1",2.0.2,41.80888423,-72.26268932,GPS,5,11,"",kCLLocationAccuracyNearestTenMeters
1518539935,000000,14259BC9-DEDE-4E28-A653-1F39B2DD4A0E,"2017-03-01 00:41:56",1488328916000,"2017-03-01 05:00:10",location,"iOS 10.2.1",2.0.2,41.80883191,-72.26280385,GPS,5,11,"",kCLLocationAccuracyBest
1518539936,000000,14259BC9-DEDE-4E28-A653-1F39B2DD4A0E,"2017-03-01 00:41:57",1488328917000,"2017-03-01 05:00:10",location,"iOS 10.2.1",2.0.2,41.80877809,-72.26292408,GPS,5,11,"",kCLLocationAccuracyBest
1518539937,000000,14259BC9-DEDE-4E28-A653-1F39B2DD4A0E,"2017-03-01 00:41:58",1488328918000,"2017-03-01 05:00:10",location,"iOS 10.2.1",2.0.2,41.80873454,-72.26303310,GPS,5,11,"",kCLLocationAccuracyBest
1518539938,000000,14259BC9-DEDE-4E28-A653-1F39B2DD4A0E,"2017-03-01 00:41:59",1488328919000,"2017-03-01 05:00:10",location,"iOS 10.2.1",2.0.2,41.80868124,-72.26315001,GPS,5,11,"",kCLLocationAccuracyBest
1518539939,000000,14259BC9-DEDE-4E28-A653-1F39B2DD4A0E,"2017-03-01 00:42:00",1488328920000,"2017-03-01 05:00:10",location,"iOS 10.2.1",2.0.2,41.80863321,-72.26327057,GPS,5,11,"",kCLLocationAccuracyBest
1518539940,000000,14259BC9-DEDE-4E28-A653-1F39B2DD4A0E,"2017-03-01 00:42:01",1488328921000,"2017-03-01 05:00:10",location,"iOS 10.2.1",2.0.2,41.80857321,-72.26339295,GPS,5,11,"",kCLLocationAccuracyBest
1518539941,000000,14259BC9-DEDE-4E28-A653-1F39B2DD4A0E,"2017-03-01 00:42:02",1488328922000,"2017-03-01 05:00:10",location,"iOS 10.2.1",2.0.2,41.80851587,-72.26350991,GPS,5,11,"",kCLLocationAccuracyBest
1518539942,000000,14259BC9-DEDE-4E28-A653-1F39B2DD4A0E,"2017-03-01 00:42:46",1488328966000,"2017-03-01 05:00:10",location,"iOS 10.2.1",2.0.2,41.80550868,-72.26456688,Network,5,14,"",kCLLocationAccuracyBest
1518540000,000000,14259BC9-DEDE-4E28-A653-1F39B2DD4A0E,"2017-03-01 12:52:28",1488372748000,"2017-03-01 17:07:46",location,"iOS 10.2.1",2.0.2,41.80382432,-72.25242170,GPS,20,-1,"",kCLLocationAccuracyHundredMeters
1518540027,000000,14259BC9-DEDE-4E28-A653-1F39B2DD4A0E,"2017-03-01 13:19:41",1488374381000,"2017-03-01 17:07:46",location,"iOS 10.2.1",2.0.2,41.80634883,-72.25329181,GPS,21,-1,"",kCLLocationAccuracyNearestTenMeters
1518540032,000000,14259BC9-DEDE-4E28-A653-1F39B2DD4A0E,"2017-03-01 13:34:53",1488375293000,"2017-03-01 17:07:46",location,"iOS 10.2.1",2.0.2,41.80631435,-72.25340704,GPS,10,0,"",kCLLocationAccuracyNearestTenMeters
1518540033,000000,14259BC9-DEDE-4E28-A653-1F39B2DD4A0E,"2017-03-01 13:38:36",1488375516000,"2017-03-01 17:07:46",location,"iOS 10.2.1",2.0.2,41.80630890,-72.25340579,GPS,30,0,"",kCLLocationAccuracyNearestTenMeters
1518540034,000000,14259BC9-DEDE-4E28-A653-1F39B2DD4A0E,"2017-03-01 13:38:28",1488375508000,"2017-03-01 17:07:46",location,"iOS 10.2.1",2.0.2,41.80630890,-72.25340579,GPS,30,0,"",kCLLocationAccuracyNearestTenMeters
1518540040,000000,14259BC9-DEDE-4E28-A653-1F39B2DD4A0E,"2017-03-01 13:48:56",1488376137000,"2017-03-01 17:07:46",location,"iOS 10.2.1",2.0.2,41.80639418,-72.25333798,GPS,21,-1,"",kCLLocationAccuracyNearestTenMeters
1518540042,000000,14259BC9-DEDE-4E28-A653-1F39B2DD4A0E,"2017-03-01 14:08:40",1488377320000,"2017-03-01 17:07:46",location,"iOS 10.2.1",2.0.2,41.80631171,-72.25340344,GPS,10,0,"",kCLLocationAccuracyNearestTenMeters
1518540046,000000,14259BC9-DEDE-4E28-A653-1F39B2DD4A0E,"2017-03-01 14:20:24",1488378025000,"2017-03-01 17:07:46",location,"iOS 10.2.1",2.0.2,41.80627335,-72.25318036,GPS,20,-1,"",kCLLocationAccuracyNearestTenMeters
1518540048,000000,14259BC9-DEDE-4E28-A653-1F39B2DD4A0E,"2017-03-01 14:28:34",1488378514000,"2017-03-01 17:07:46",location,"iOS 10.2.1",2.0.2,41.80629959,-72.25340839,GPS,10,0,"",kCLLocationAccuracyNearestTenMeters
1518540049,000000,14259BC9-DEDE-4E28-A653-1F39B2DD4A0E,"2017-03-01 14:40:16",1488379216000,"2017-03-01 17:07:46",location,"iOS 10.2.1",2.0.2,41.80630307,-72.25340151,GPS,10,0,"",kCLLocationAccuracyNearestTenMeters
1518540050,000000,14259BC9-DEDE-4E28-A653-1F39B2DD4A0E,"2017-03-01 14:40:08",1488379208000,"2017-03-01 17:07:46",location,"iOS 10.2.1",2.0.2,41.80630307,-72.25340151,GPS,10,0,"",kCLLocationAccuracyNearestTenMeters
1518540056,000000,14259BC9-DEDE-4E28-A653-1F39B2DD4A0E,"2017-03-01 14:49:03",1488379744000,"2017-03-01 17:07:46",location,"iOS 10.2.1",2.0.2,41.80637589,-72.25340149,GPS,22,-1,"",kCLLocationAccuracyNearestTenMeters
1518540058,000000,14259BC9-DEDE-4E28-A653-1F39B2DD4A0E,"2017-03-01 14:50:54",1488379854000,"2017-03-01 17:07:46",location,"iOS 10.2.1",2.0.2,41.80632059,-72.25336019,GPS,10,0,"",kCLLocationAccuracyNearestTenMeters
1518540059,000000,14259BC9-DEDE-4E28-A653-1F39B2DD4A0E,"2017-03-01 14:54:16",1488380057000,"2017-03-01 17:07:46",location,"iOS 10.2.1",2.0.2,41.80643442,-72.25394743,GPS,10,0,"",kCLLocationAccuracyNearestTenMeters
1518540060,000000,14259BC9-DEDE-4E28-A653-1F39B2DD4A0E,"2017-03-01 14:54:37",1488380078000,"2017-03-01 17:07:46",location,"iOS 10.2.1",2.0.2,41.80628011,-72.25337972,GPS,10,1,"",kCLLocationAccuracyNearestTenMeters
1518540243,000000,14259BC9-DEDE-4E28-A653-1F39B2DD4A0E,"2017-03-01 11:10:49",1488366649000,"2017-03-01 12:00:25",location,"iOS 10.2.1",2.0.2,41.80373699,-72.26227510,GPS,10,0,"",kCLLocationAccuracyHundredMeters
1518540244,000000,14259BC9-DEDE-4E28-A653-1F39B2DD4A0E,"2017-03-01 11:10:57",1488366657000,"2017-03-01 12:00:25",location,"iOS 10.2.1",2.0.2,41.80373699,-72.26227510,GPS,10,0,"",kCLLocationAccuracyHundredMeters
1518540338,000000,14259BC9-DEDE-4E28-A653-1F39B2DD4A0E,"2017-03-01 11:20:55",1488367255000,"2017-03-01 12:00:25",location,"iOS 10.2.1",2.0.2,41.80319523,-72.26247199,GPS,30,0,"",kCLLocationAccuracyNearestTenMeters
1518540339,000000,14259BC9-DEDE-4E28-A653-1F39B2DD4A0E,"2017-03-01 11:24:30",1488367471000,"2017-03-01 12:00:25",location,"iOS 10.2.1",2.0.2,41.80365607,-72.26238607,GPS,30,0,"",kCLLocationAccuracyNearestTenMeters